subject,age_months,gender,outcome_order,domain,task,outcome,familiarization,test_window
1,23.1,female,unexp_first,physical,support,expected,0.27292110874200226,0.9333333333333336
1,23.1,female,unexp_first,physical,support,unexpected,0.8696537678207745,0.2679999999999994
1,23.1,female,unexp_first,social,reach,expected,0.7776261937244203,0.12266666666666612
1,23.1,female,unexp_first,social,reach,unexpected,0.2720000000000011,0.23333333333333284
1,23.1,female,unexp_first,social,snack,expected,0.02620087336244553,0.09200000000000033
1,23.1,female,unexp_first,social,snack,unexpected,0.625523012552301,0.33866666666666845
2,21.9,male,exp_first,physical,containment,expected,1,0.6786666666666639
2,21.9,male,exp_first,physical,containment,unexpected,1,0.373333333333332
2,21.9,male,exp_first,physical,continuity,expected,0.9186666666666665,0.9197860962566846
2,21.9,male,exp_first,physical,continuity,unexpected,1,0.8159999999999983
2,21.9,male,exp_first,physical,solidity,expected,0.76386404293381,0.6675567423230968
2,21.9,male,exp_first,physical,solidity,unexpected,0.7795275590551178,0.570666666666666
2,21.9,male,exp_first,physical,support,expected,0.874476987447698,0.4160000000000013
2,21.9,male,exp_first,physical,support,unexpected,0.8350730688935278,0.3533333333333323
2,21.9,male,exp_first,social,drink,expected,1,0.9773030707610149
2,21.9,male,exp_first,social,drink,unexpected,1,0.9088471849865954
2,21.9,male,exp_first,social,fairness,expected,1,1
2,21.9,male,exp_first,social,fairness,unexpected,1,0.8790560471976392
2,21.9,male,exp_first,social,reach,expected,0.7626193724420195,0.9171122994652401
2,21.9,male,exp_first,social,reach,unexpected,0.7106666666666653,0.39491298527443147
2,21.9,male,exp_first,social,snack,expected,1,0.8053333333333326
2,21.9,male,exp_first,social,snack,unexpected,0.9634888438133876,0.6301735647530032
3,23.3,female,unexp_first,physical,containment,expected,0.8060606060606067,0.28800000000000125
3,23.3,female,unexp_first,physical,containment,unexpected,1,0.4573333333333319
3,23.3,female,unexp_first,physical,solidity,expected,0.9677996422182473,0.25634178905206717
3,23.3,female,unexp_first,physical,solidity,unexpected,0.7874015748031503,0.48533333333333484
3,23.3,female,unexp_first,physical,support,expected,0.9163179916317987,0.23066666666666713
3,23.3,female,unexp_first,physical,support,unexpected,0.9081419624217117,0.39466666666666744
3,23.3,female,unexp_first,social,drink,expected,1,0.4459279038718278
3,23.3,female,unexp_first,social,drink,unexpected,1,0.5268096514745287
3,23.3,female,unexp_first,social,fairness,expected,0.7753424657534242,0.5958702064896741
3,23.3,female,unexp_first,social,fairness,unexpected,1,0.73598820058997
3,23.3,female,unexp_first,social,reach,expected,0.48976807639836284,0.37433155080213854
3,23.3,female,unexp_first,social,reach,unexpected,0.9973333333333334,0.27576974564926127
3,23.3,female,unexp_first,social,snack,expected,0.9061833688699361,0.4160000000000017
3,23.3,female,unexp_first,social,snack,unexpected,0.8032454361054764,0.8384512683578103
4,21.1,male,unexp_first,physical,containment,expected,1,0.934666666666667
4,21.1,male,unexp_first,physical,containment,unexpected,1,0.8986666666666666
4,21.1,male,unexp_first,physical,continuity,expected,1,0.8983957219251337
4,21.1,male,unexp_first,physical,continuity,unexpected,1,1
4,21.1,male,unexp_first,physical,solidity,expected,1,0.6568758344459286
4,21.1,male,unexp_first,physical,solidity,unexpected,1,0.8493333333333329
4,21.1,male,unexp_first,physical,support,expected,1,0.9413333333333338
4,21.1,male,unexp_first,physical,support,unexpected,1,0.7053333333333355
4,21.1,male,unexp_first,social,drink,expected,1,0.9786381842456611
4,21.1,male,unexp_first,social,drink,unexpected,1,1
4,21.1,male,unexp_first,social,fairness,expected,1,1
4,21.1,male,unexp_first,social,fairness,unexpected,1,0.9321533923303834
4,21.1,male,unexp_first,social,reach,expected,1,0.7687165775401087
4,21.1,male,unexp_first,social,reach,unexpected,1,1
4,21.1,male,unexp_first,social,snack,expected,1,1
4,21.1,male,unexp_first,social,snack,unexpected,1,1
5,21.8,female,unexp_first,physical,containment,expected,1,0.7173333333333345
5,21.8,female,unexp_first,physical,containment,unexpected,1,0.4693333333333322
5,21.8,female,unexp_first,physical,continuity,expected,0.5520000000000002,0
5,21.8,female,unexp_first,physical,continuity,unexpected,0.8759999999999997,0.9493333333333334
5,21.8,female,unexp_first,physical,solidity,expected,0.40363636363636235,0.6920000000000012
5,21.8,female,unexp_first,physical,solidity,unexpected,0.8974358974358972,1
5,21.8,female,unexp_first,physical,support,expected,0.507462686567163,0.48133333333333
5,21.8,female,unexp_first,physical,support,unexpected,1,0.9639999999999999
5,21.8,female,unexp_first,social,drink,expected,0.5035128805620608,0.952000000000001
5,21.8,female,unexp_first,social,drink,unexpected,0.32938388625592324,1
5,21.8,female,unexp_first,social,fairness,expected,1,0.2595870206489682
5,21.8,female,unexp_first,social,fairness,unexpected,0,0.5088495575221234
5,21.8,female,unexp_first,social,reach,expected,0.7748976807639827,0.3720000000000001
5,21.8,female,unexp_first,social,reach,unexpected,0.6240000000000013,0.6946666666666653
5,21.8,female,unexp_first,social,snack,expected,0.7270742358078605,0
5,21.8,female,unexp_first,social,snack,unexpected,1,0.3759999999999984
6,20.6,female,exp_first,physical,containment,expected,0.5818181818181832,0.42800000000000166
6,20.6,female,exp_first,physical,containment,unexpected,0.7148936170212772,0.2053333333333327
6,20.6,female,exp_first,physical,continuity,expected,0.8893333333333329,0.47860962566844895
6,20.6,female,exp_first,physical,continuity,unexpected,0.554666666666668,0.606666666666665
6,20.6,female,exp_first,social,drink,expected,1,0.6542056074766347
6,20.6,female,exp_first,social,drink,unexpected,0.9835390946502058,0.6541554959785497
6,20.6,female,exp_first,social,fairness,expected,1,0.6312684365781736
6,20.6,female,exp_first,social,fairness,unexpected,0.8179551122194516,0.12536873156342254
7,20.3,female,unexp_first,physical,containment,expected,1,0.5119999999999996
7,20.3,female,unexp_first,physical,containment,unexpected,1,0.6493333333333347
7,20.3,female,unexp_first,physical,continuity,expected,0.6373333333333346,0.352941176470588
7,20.3,female,unexp_first,physical,continuity,unexpected,0.9986666666666667,0.4880000000000004
7,20.3,female,unexp_first,physical,solidity,expected,0.9821109123434704,0.9198931909212278
7,20.3,female,unexp_first,physical,solidity,unexpected,1,0.9400000000000003
7,20.3,female,unexp_first,physical,support,expected,1,0.7213333333333329
7,20.3,female,unexp_first,physical,support,unexpected,1,0.906666666666667
7,20.3,female,unexp_first,social,drink,expected,1,0.6154873164218966
7,20.3,female,unexp_first,social,drink,unexpected,1,0.56970509383378
7,20.3,female,unexp_first,social,fairness,expected,0.9123287671232874,0.18731563421828923
7,20.3,female,unexp_first,social,fairness,unexpected,0.925187032418953,0.35398230088495597
7,20.3,female,unexp_first,social,reach,expected,1,0.7312834224598918
7,20.3,female,unexp_first,social,reach,unexpected,1,0.8821954484605093
7,20.3,female,unexp_first,social,snack,expected,1,1
7,20.3,female,unexp_first,social,snack,unexpected,1,0.8731642189586115
8,23.2,female,unexp_first,physical,containment,expected,0.802020202020202,0.27999999999999925
8,23.2,female,unexp_first,physical,containment,unexpected,1,0.406666666666667
8,23.2,female,unexp_first,physical,continuity,expected,0.8693333333333341,0.720588235294119
8,23.2,female,unexp_first,physical,continuity,unexpected,0.7666666666666673,0.8946666666666673
8,23.2,female,unexp_first,physical,solidity,expected,0.6958855098389969,0.6742323097463274
8,23.2,female,unexp_first,physical,solidity,unexpected,0.9704724409448822,0.4293333333333342
8,23.2,female,unexp_first,physical,support,expected,0.9414225941422593,0.4720000000000019
8,23.2,female,unexp_first,physical,support,unexpected,1,0.7080000000000014
8,23.2,female,unexp_first,social,drink,expected,1,0.8865153538050734
8,23.2,female,unexp_first,social,drink,unexpected,1,0.936997319034853
8,23.2,female,unexp_first,social,fairness,expected,1,0.5545722713864292
8,23.2,female,unexp_first,social,fairness,unexpected,1,0.9557522123893802
8,23.2,female,unexp_first,social,reach,expected,0.9890859481582539,0.4037433155080199
8,23.2,female,unexp_first,social,reach,unexpected,1,0.9156626506024095
8,23.2,female,unexp_first,social,snack,expected,1,0.770666666666668
8,23.2,female,unexp_first,social,snack,unexpected,0.9594320486815413,0.7289719626168214
9,23.3,female,unexp_first,physical,containment,expected,0.9592274678111586,0.5306666666666666
9,23.3,female,unexp_first,physical,containment,unexpected,1,0.541333333333336
9,23.3,female,unexp_first,physical,continuity,expected,0.6426666666666674,0.9906666666666666
9,23.3,female,unexp_first,physical,continuity,unexpected,0.9639999999999997,0.631999999999999
9,23.3,female,unexp_first,physical,solidity,expected,0.6563636363636365,0.543999999999998
9,23.3,female,unexp_first,physical,solidity,unexpected,0.26824457593688167,1
9,23.3,female,unexp_first,physical,support,expected,0.601279317697229,0.6453333333333374
9,23.3,female,unexp_first,physical,support,unexpected,0.9368635437881876,0.8386666666666652
9,23.3,female,unexp_first,social,drink,expected,0.299765807962529,0.8733333333333322
9,23.3,female,unexp_first,social,drink,unexpected,0.4004739336492895,0.876
9,23.3,female,unexp_first,social,fairness,expected,1,0.4262536873156336
9,23.3,female,unexp_first,social,fairness,unexpected,0.9473684210526313,0.7551622418879069
9,23.3,female,unexp_first,social,reach,expected,0.5770804911323313,0.2480000000000008
9,23.3,female,unexp_first,social,reach,unexpected,0.5719999999999978,0.4693333333333331
9,23.3,female,unexp_first,social,snack,expected,0.947598253275109,0.46400000000000097
9,23.3,female,unexp_first,social,snack,unexpected,0.803347280334728,0.24933333333333021
10,20.8,male,exp_first,physical,containment,expected,1,0.6973333333333338
10,20.8,male,exp_first,physical,containment,unexpected,0.5319148936170207,0.3426666666666662
10,20.8,male,exp_first,physical,continuity,expected,1,0.7927807486631027
10,20.8,male,exp_first,physical,continuity,unexpected,1,0.4266666666666689
10,20.8,male,exp_first,physical,solidity,expected,0.8443649373881937,0.5327102803738298
10,20.8,male,exp_first,physical,solidity,unexpected,1,0.27066666666666506
10,20.8,male,exp_first,physical,support,expected,1,0.5266666666666652
10,20.8,male,exp_first,physical,support,unexpected,0.9937369519832986,0.23066666666666827
10,20.8,male,exp_first,social,drink,expected,1,0.675567423230976
10,20.8,male,exp_first,social,drink,unexpected,1,0.3873994638069727
10,20.8,male,exp_first,social,fairness,expected,1,1
10,20.8,male,exp_first,social,fairness,unexpected,1,0.45427728613569385
10,20.8,male,exp_first,social,reach,expected,1,0.6029411764705884
10,20.8,male,exp_first,social,reach,unexpected,1,0.4390896921017405
10,20.8,male,exp_first,social,snack,expected,0.34754797441364765,0
10,20.8,male,exp_first,social,snack,unexpected,0.4847870182555771,0.06408544726301689
11,21.8,female,unexp_first,physical,solidity,expected,1,0.4165554072096118
11,21.8,female,unexp_first,physical,solidity,unexpected,1,0.7746666666666678
11,21.8,female,unexp_first,physical,support,expected,1,0.5853333333333338
11,21.8,female,unexp_first,physical,support,unexpected,1,0.5080000000000002
11,21.8,female,unexp_first,social,drink,unexpected,0.9485596707818927,0.7707774798927628
11,21.8,female,unexp_first,social,reach,expected,1,0.7593582887700515
11,21.8,female,unexp_first,social,reach,unexpected,1,0.8500669344042844
11,21.8,female,unexp_first,social,snack,expected,0.9488272921108744,1
11,21.8,female,unexp_first,social,snack,unexpected,0.9898580121703853,0.8518024032042711
13,22.3,female,exp_first,physical,containment,expected,0.9858585858585858,0.7546666666666677
13,22.3,female,exp_first,physical,containment,unexpected,1,0.17733333333333082
13,22.3,female,exp_first,physical,continuity,expected,0.655999999999998,0.9371657754010693
13,22.3,female,exp_first,physical,continuity,unexpected,1,0.6106666666666666
13,22.3,female,exp_first,physical,solidity,expected,1,0.9012016021361808
13,22.3,female,exp_first,physical,solidity,unexpected,1,0.7160000000000015
13,22.3,female,exp_first,physical,support,expected,1,0.9599999999999999
13,22.3,female,exp_first,social,drink,expected,1,1
13,22.3,female,exp_first,social,drink,unexpected,1,1
13,22.3,female,exp_first,social,fairness,expected,1,0.9247787610619466
13,22.3,female,exp_first,social,fairness,unexpected,0.8852867830423942,0.9439528023598827
13,22.3,female,exp_first,social,reach,expected,1,0.5347593582887719
13,22.3,female,exp_first,social,reach,unexpected,1,0.7831325301204813
13,22.3,female,exp_first,social,snack,expected,0.8933901918976545,0.694666666666666
13,22.3,female,exp_first,social,snack,unexpected,0.9574036511156185,0.7636849132176233
14,20.3,female,exp_first,physical,containment,expected,0.8484848484848484,0.8306666666666673
14,20.3,female,exp_first,physical,containment,unexpected,1,0.6120000000000002
14,20.3,female,exp_first,physical,continuity,expected,1,0.9438502673796786
14,20.3,female,exp_first,physical,continuity,unexpected,0.9826666666666666,0.7693333333333333
14,20.3,female,exp_first,physical,solidity,expected,1,0.8197596795727643
14,20.3,female,exp_first,physical,solidity,unexpected,1,0.4319999999999984
14,20.3,female,exp_first,physical,support,expected,0.9853556485355648,0.4400000000000013
14,20.3,female,exp_first,physical,support,unexpected,1,0.406666666666667
14,20.3,female,exp_first,social,drink,expected,1,0.6822429906542072
14,20.3,female,exp_first,social,drink,unexpected,1,0.6675603217158186
14,20.3,female,exp_first,social,fairness,expected,1,0.8421828908554573
14,20.3,female,exp_first,social,fairness,unexpected,1,0.8997050147492622
14,20.3,female,exp_first,social,reach,expected,1,0.6577540106951881
14,20.3,female,exp_first,social,reach,unexpected,0.984,0.36947791164658833
14,20.3,female,exp_first,social,snack,expected,0.9147121535181233,0.7426666666666679
14,20.3,female,exp_first,social,snack,unexpected,0.683569979716023,0.48197596795727526
15,18.6,female,unexp_first,physical,containment,expected,0.7636363636363626,0.3373333333333332
15,18.6,female,unexp_first,physical,containment,unexpected,0.4489361702127677,0.20666666666666705
15,18.6,female,unexp_first,physical,continuity,expected,0.5373333333333344,0.2045454545454552
15,18.6,female,unexp_first,physical,continuity,unexpected,0.9186666666666665,0.22533333333333122
15,18.6,female,unexp_first,physical,solidity,expected,0.3148479427549199,0.14953271028037418
15,18.6,female,unexp_first,physical,solidity,unexpected,1,0.4533333333333305
15,18.6,female,unexp_first,social,drink,expected,0.901960784313726,0.21361815754338936
15,18.6,female,unexp_first,social,drink,unexpected,1,0.3793565683646094
15,18.6,female,unexp_first,social,fairness,expected,0,0.47197640117993905
15,18.6,female,unexp_first,social,fairness,unexpected,1,0.6283185840707958
15,18.6,female,unexp_first,social,reach,expected,1,0.6296791443850277
15,18.6,female,unexp_first,social,reach,unexpected,0.9746666666666668,0.6372155287817932
17,23.5,female,exp_first,physical,containment,expected,1,1
17,23.5,female,exp_first,physical,containment,unexpected,0.7531914893617019,1
17,23.5,female,exp_first,physical,continuity,expected,0.6079999999999979,0.1483957219251341
17,23.5,female,exp_first,physical,continuity,unexpected,0,0
17,23.5,female,exp_first,physical,solidity,expected,1,1
17,23.5,female,exp_first,physical,solidity,unexpected,0.7992125984251955,0.7386666666666702
17,23.5,female,exp_first,physical,support,expected,1,0.7919999999999987
17,23.5,female,exp_first,physical,support,unexpected,1,0.9520000000000006
17,23.5,female,exp_first,social,drink,expected,1,0.919893190921228
17,23.5,female,exp_first,social,drink,unexpected,1,0.6219839142091149
17,23.5,female,exp_first,social,fairness,expected,1,0.9852507374631269
17,23.5,female,exp_first,social,fairness,unexpected,0.7281795511221938,0.19911504424778756
17,23.5,female,exp_first,social,reach,expected,0.930422919508867,0.36363636363636404
17,23.5,female,exp_first,social,reach,unexpected,1,0.7054886211512715
17,23.5,female,exp_first,social,snack,expected,1,0.9720000000000003
17,23.5,female,exp_first,social,snack,unexpected,0.8133874239350918,0.8558077436582131
18,22.9,male,exp_first,physical,containment,expected,1,0.5800000000000011
18,22.9,male,exp_first,physical,containment,unexpected,1,0.4933333333333328
18,22.9,male,exp_first,physical,continuity,expected,0.9506666666666665,0.7058823529411771
18,22.9,male,exp_first,physical,continuity,unexpected,0.9199999999999996,0.7186666666666679
18,22.9,male,exp_first,physical,solidity,expected,1,0.7129506008010701
18,22.9,male,exp_first,physical,solidity,unexpected,1,0.7493333333333335
18,22.9,male,exp_first,physical,support,expected,1,0.8546666666666667
18,22.9,male,exp_first,physical,support,unexpected,1,0.696000000000001
18,22.9,male,exp_first,social,drink,expected,1,1
18,22.9,male,exp_first,social,drink,unexpected,1,0.730563002680964
18,22.9,male,exp_first,social,fairness,expected,1,0.8466076696165202
18,22.9,male,exp_first,social,fairness,unexpected,0.945137157107232,0.5929203539822987
18,22.9,male,exp_first,social,reach,expected,1,0.8930481283422459
18,22.9,male,exp_first,social,reach,unexpected,1,0.6479250334672013
18,22.9,male,exp_first,social,snack,expected,0.9211087420042643,0.7986666666666662
18,22.9,male,exp_first,social,snack,unexpected,0.9249492900608522,0.7903871829105461
19,23,male,unexp_first,physical,containment,expected,0.33131313131313145,0.1480000000000002
19,23,male,unexp_first,physical,containment,unexpected,0.9489361702127658,0.4906666666666645
19,23,male,unexp_first,physical,continuity,expected,0.9426666666666662,0.2687165775401082
19,23,male,unexp_first,physical,continuity,unexpected,1,0.6173333333333323
19,23,male,unexp_first,physical,solidity,expected,1,0.5821094793057402
19,23,male,unexp_first,physical,solidity,unexpected,1,0.9853333333333334
19,23,male,unexp_first,physical,support,expected,1,0.6680000000000006
19,23,male,unexp_first,physical,support,unexpected,1,0.6240000000000001
19,23,male,unexp_first,social,drink,expected,1,0.6889185580774385
19,23,male,unexp_first,social,drink,unexpected,1,0.6970509383378044
19,23,male,unexp_first,social,fairness,expected,1,0.5943952802359889
19,23,male,unexp_first,social,fairness,unexpected,1,0.8156342182890866
19,23,male,unexp_first,social,reach,expected,1,0.7727272727272737
19,23,male,unexp_first,social,reach,unexpected,1,0.94243641231593
19,23,male,unexp_first,social,snack,expected,0.9573560767590616,0.8733333333333321
19,23,male,unexp_first,social,snack,unexpected,1,0.9599465954606138
20,17.6,female,unexp_first,physical,containment,expected,0.8949494949494959,0.9799999999999998
20,17.6,female,unexp_first,physical,containment,unexpected,0.6680851063829784,0.3533333333333316
20,17.6,female,unexp_first,physical,continuity,expected,0.7880000000000014,0.5187165775401082
20,17.6,female,unexp_first,physical,continuity,unexpected,0.7653333333333352,0.9306666666666662
20,17.6,female,unexp_first,physical,solidity,expected,0.427549194991053,0.7423230974632844
20,17.6,female,unexp_first,physical,solidity,unexpected,0.9350393700787398,0.4213333333333306
20,17.6,female,unexp_first,physical,support,expected,0.7970711297071127,0.4040000000000002
20,17.6,female,unexp_first,physical,support,unexpected,0.9457202505219203,0.7919999999999989
20,17.6,female,unexp_first,social,drink,expected,0.9694989106753811,0.6769025367156203
20,17.6,female,unexp_first,social,drink,unexpected,1,0.8565683646112582
20,17.6,female,unexp_first,social,fairness,expected,1,0.5442477876106198
20,17.6,female,unexp_first,social,fairness,unexpected,1,0.19174041297935188
20,17.6,female,unexp_first,social,reach,expected,0.36016371077762743,0.4478609625668464
20,17.6,female,unexp_first,social,reach,unexpected,0.5453333333333347,0.9116465863453808
20,17.6,female,unexp_first,social,snack,expected,0.9339019189765463,1
20,17.6,female,unexp_first,social,snack,unexpected,0.7484787018255581,0.20827770360480585
21,20.5,male,exp_first,physical,containment,expected,0.8565656565656563,0.5680000000000008
21,20.5,male,exp_first,physical,containment,unexpected,0.8382978723404247,0.6319999999999976
21,20.5,male,exp_first,physical,continuity,expected,0.904,0.6056149732620305
21,20.5,male,exp_first,physical,continuity,unexpected,0.781333333333333,0.7746666666666674
21,20.5,male,exp_first,physical,solidity,expected,0.7620751341681579,0.40587449933244496
21,20.5,male,exp_first,physical,solidity,unexpected,0.8956692913385822,0.636000000000001
21,20.5,male,exp_first,physical,support,expected,1,0.694666666666666
21,20.5,male,exp_first,physical,support,unexpected,1,0.48800000000000043
21,20.5,male,exp_first,social,drink,expected,0.7930283224400874,0.8157543391188247
21,20.5,male,exp_first,social,drink,unexpected,1,0.8243967828418235
21,20.5,male,exp_first,social,fairness,expected,1,0.9911504424778762
21,20.5,male,exp_first,social,fairness,unexpected,0.8528678304239409,0.7669616519174056
21,20.5,male,exp_first,social,reach,expected,0.9467939972714869,0.3328877005347606
21,20.5,male,exp_first,social,reach,unexpected,0.7066666666666684,0.4283801874163322
21,20.5,male,exp_first,social,snack,expected,0.9786780383795308,0.8693333333333345
21,20.5,male,exp_first,social,snack,unexpected,0.8539553752535503,0.6181575433911866
22,18.4,male,exp_first,physical,containment,expected,0.6464646464646474,0.2919999999999986
22,18.4,male,exp_first,physical,containment,unexpected,0.7191489361702121,0.20933333333333332
22,18.4,male,exp_first,physical,continuity,expected,1,0.6818181818181821
22,18.4,male,exp_first,physical,continuity,unexpected,0.9440000000000005,0.6253333333333342
22,18.4,male,exp_first,physical,solidity,expected,0.9731663685152058,0.44726301735647406
22,18.4,male,exp_first,physical,solidity,unexpected,1,0.2719999999999982
22,18.4,male,exp_first,social,drink,expected,0.9498910675381264,0.7877169559412548
22,18.4,male,exp_first,social,drink,unexpected,1,0.9008042895442373
22,18.4,male,exp_first,social,fairness,expected,1,0.7905604719764009
22,18.4,male,exp_first,social,fairness,unexpected,1,0.7772861356932149
22,18.4,male,exp_first,social,reach,expected,0.81855388813097,0.4157754010695179
22,18.4,male,exp_first,social,reach,unexpected,1,0.30923694779116595
22,18.4,male,exp_first,social,snack,expected,0.8187633262260128,0.15866666666666662
23,19.6,female,unexp_first,physical,continuity,expected,1,0.43850267379679225
23,19.6,female,unexp_first,physical,continuity,unexpected,1,0.4520000000000015
23,19.6,female,unexp_first,physical,solidity,expected,1,0.5874499332443237
23,19.6,female,unexp_first,physical,solidity,unexpected,1,1
23,19.6,female,unexp_first,physical,support,expected,1,0.6546666666666674
23,19.6,female,unexp_first,physical,support,unexpected,1,0.6533333333333328
23,19.6,female,unexp_first,social,drink,expected,1,0.5554072096128159
23,19.6,female,unexp_first,social,drink,unexpected,1,0.8605898123324401
23,19.6,female,unexp_first,social,fairness,expected,1,0.2669616519174036
23,19.6,female,unexp_first,social,fairness,unexpected,1,0.7610619469026538
23,19.6,female,unexp_first,social,reach,expected,1,0.8823529411764711
23,19.6,female,unexp_first,social,reach,unexpected,1,0.7456492637215564
23,19.6,female,unexp_first,social,snack,expected,1,0.8626666666666671
24,15.7,male,unexp_first,physical,containment,expected,0.9131313131313133,0.27333333333333515
24,15.7,male,unexp_first,physical,containment,unexpected,0.9893617021276595,0.6840000000000009
24,15.7,male,unexp_first,physical,continuity,expected,0.9813333333333332,0.9050802139037429
24,15.7,male,unexp_first,physical,continuity,unexpected,1,0.9093333333333335
24,15.7,male,unexp_first,physical,solidity,expected,1,0.5767690253671564
24,15.7,male,unexp_first,physical,solidity,unexpected,0.9409448818897641,0.4973333333333354
24,15.7,male,unexp_first,social,drink,unexpected,1,0.4316353887399448
24,15.7,male,unexp_first,social,fairness,expected,1,0.32153392330383596
24,15.7,male,unexp_first,social,fairness,unexpected,1,0.575221238938052
24,15.7,male,unexp_first,social,reach,expected,1,0.6163101604278108
24,15.7,male,unexp_first,social,reach,unexpected,1,0.657295850066936
24,15.7,male,unexp_first,social,snack,expected,0.5906183368869955,0.3373333333333332
25,21.2,female,exp_first,physical,containment,expected,1,0.22533333333333327
25,21.2,female,exp_first,physical,continuity,expected,0.937333333333333,0.6764705882352953
25,21.2,female,exp_first,physical,continuity,unexpected,1,0.5560000000000012
25,21.2,female,exp_first,physical,support,expected,1,0.7453333333333323
25,21.2,female,exp_first,physical,support,unexpected,1,0.32133333333333447
25,21.2,female,exp_first,social,drink,expected,1,0.3938584779706257
25,21.2,female,exp_first,social,drink,unexpected,1,0.2506702412868636
25,21.2,female,exp_first,social,reach,expected,1,0.6951871657754013
25,21.2,female,exp_first,social,reach,unexpected,1,0.2356091030789818
25,21.2,female,exp_first,social,snack,expected,1,0.7159999999999995
25,21.2,female,exp_first,social,snack,unexpected,1,0.9132176234979973
26,23.8,female,exp_first,physical,containment,expected,1,0.4400000000000016
26,23.8,female,exp_first,physical,containment,unexpected,0.9957446808510638,0.24000000000000163
26,23.8,female,exp_first,physical,continuity,expected,1,0.7967914438502672
26,23.8,female,exp_first,physical,continuity,unexpected,0.6706666666666671,0.12933333333333247
26,23.8,female,exp_first,physical,solidity,expected,0.9445438282647584,0.9145527369826435
26,23.8,female,exp_first,physical,solidity,unexpected,1,0.4853333333333352
26,23.8,female,exp_first,physical,support,expected,0.9539748953974891,0.42533333333333484
26,23.8,female,exp_first,physical,support,unexpected,0.5615866388308991,0.057333333333333764
26,23.8,female,exp_first,social,drink,expected,1,0.9906542056074767
26,23.8,female,exp_first,social,drink,unexpected,0.9753086419753088,0.8096514745308311
26,23.8,female,exp_first,social,fairness,expected,0.980821917808219,0.8613569321533929
26,23.8,female,exp_first,social,fairness,unexpected,1,0.7507374631268444
26,23.8,female,exp_first,social,reach,expected,1,0.4692513368983961
26,23.8,female,exp_first,social,reach,unexpected,0.9906666666666666,0.46586345381526195
26,23.8,female,exp_first,social,snack,expected,1,0.6573333333333354
26,23.8,female,exp_first,social,snack,unexpected,0.8681541582150105,0.3604806408544707
27,24.7,male,unexp_first,physical,solidity,expected,0.9069767441860466,0.3538050734312418
27,24.7,male,unexp_first,physical,solidity,unexpected,1,0.5706666666666671
27,24.7,male,unexp_first,physical,support,expected,1,0.4720000000000002
27,24.7,male,unexp_first,physical,support,unexpected,0.3486430062630491,0.5346666666666668
27,24.7,male,unexp_first,social,drink,expected,0.8126361655773406,0.524699599465952
27,24.7,male,unexp_first,social,drink,unexpected,1,0.5777479892761428
27,24.7,male,unexp_first,social,reach,expected,1,0.39572192513369137
27,24.7,male,unexp_first,social,reach,unexpected,1,0.5729585006693441
27,24.7,male,unexp_first,social,snack,expected,1,0.74
27,24.7,male,unexp_first,social,snack,unexpected,1,0.8037383177570094
28,16.4,male,unexp_first,physical,containment,expected,1,0.48266666666666885
28,16.4,male,unexp_first,physical,containment,unexpected,1,0.5306666666666691
28,16.4,male,unexp_first,physical,continuity,expected,1,0.770053475935829
28,16.4,male,unexp_first,physical,continuity,unexpected,0.9906666666666666,0.9306666666666662
28,16.4,male,unexp_first,physical,solidity,expected,1,0.4445927903871825
28,16.4,male,unexp_first,physical,solidity,unexpected,0.9665354330708661,0.7400000000000009
28,16.4,male,unexp_first,physical,support,expected,1,0.31599999999999895
28,16.4,male,unexp_first,physical,support,unexpected,1,0.3560000000000029
28,16.4,male,unexp_first,social,drink,expected,1,0.663551401869158
28,16.4,male,unexp_first,social,drink,unexpected,1,0.7882037533512066
28,16.4,male,unexp_first,social,fairness,expected,0.9863013698630136,0.6238938053097347
28,16.4,male,unexp_first,social,fairness,unexpected,1,0.9705014749262539
28,16.4,male,unexp_first,social,reach,expected,0.577080491132331,0.2767379679144372
28,16.4,male,unexp_first,social,reach,unexpected,1,0.4069611780455148
28,16.4,male,unexp_first,social,snack,expected,0.8571428571428582,0.44666666666666566
28,16.4,male,unexp_first,social,snack,unexpected,1,0.6301735647530029
29,24.7,male,exp_first,physical,containment,expected,1,0.4706666666666649
29,24.7,male,exp_first,physical,containment,unexpected,0.25106382978723535,0.6559999999999967
29,24.7,male,exp_first,physical,continuity,expected,0.5946666666666692,0.9050802139037426
29,24.7,male,exp_first,physical,solidity,expected,1,0.7890520694258999
29,24.7,male,exp_first,physical,solidity,unexpected,1,0.5786666666666685
29,24.7,male,exp_first,physical,support,expected,0.30543933054393285,0.9986666666666667
29,24.7,male,exp_first,physical,support,unexpected,0.7578288100208767,0.9173333333333339
29,24.7,male,exp_first,social,drink,expected,0.9782135076252723,0.716955941255006
29,24.7,male,exp_first,social,drink,unexpected,0.7736625514403295,0.5898123324396787
29,24.7,male,exp_first,social,fairness,expected,0.5095890410958889,0.8879056047197653
29,24.7,male,exp_first,social,fairness,unexpected,0.17456359102244481,0.890855457227138
29,24.7,male,exp_first,social,reach,expected,0.9413369713506129,0.5668449197860975
29,24.7,male,exp_first,social,reach,unexpected,0.9626666666666664,0.4243641231593016
29,24.7,male,exp_first,social,snack,expected,0.9850746268656718,0.898666666666668
29,24.7,male,exp_first,social,snack,unexpected,1,0.8117489986648868
30,17.4,male,exp_first,physical,containment,expected,0.8161616161616159,0.5199999999999997
30,17.4,male,exp_first,physical,containment,unexpected,0.7191489361702119,0.23066666666666794
30,17.4,male,exp_first,physical,continuity,expected,1,0.9732620320855617
30,17.4,male,exp_first,physical,continuity,unexpected,1,0.6960000000000015
30,17.4,male,exp_first,physical,solidity,expected,0.9570661896243292,0.809078771695593
30,17.4,male,exp_first,physical,solidity,unexpected,0.9803149606299213,0.1333333333333319
30,17.4,male,exp_first,physical,support,expected,0.8953974895397488,0.3173333333333328
30,17.4,male,exp_first,physical,support,unexpected,0.8810020876826721,0.24533333333333324
30,17.4,male,exp_first,social,drink,expected,0.7952069716775612,0.1989319092122827
30,17.4,male,exp_first,social,drink,unexpected,0.5617283950617263,0.19168900804289435
30,17.4,male,exp_first,social,fairness,expected,1,0.5560471976401212
30,17.4,male,exp_first,social,fairness,unexpected,1,0.28023598820059187
30,17.4,male,exp_first,social,reach,expected,0.7912687585266046,0.82085561497326
30,17.4,male,exp_first,social,reach,unexpected,0.7559999999999998,1
31,16.2,male,unexp_first,physical,continuity,expected,1,0.7687165775401079
31,16.2,male,unexp_first,physical,continuity,unexpected,1,0.313333333333334
31,16.2,male,unexp_first,physical,solidity,unexpected,1,0.9026666666666661
31,16.2,male,unexp_first,physical,support,expected,1,0.7453333333333324
31,16.2,male,unexp_first,physical,support,unexpected,1,0.8386666666666657
31,16.2,male,unexp_first,social,drink,unexpected,0.940329218106996,0.4691689008042896
31,16.2,male,unexp_first,social,fairness,expected,0.8575342465753427,0.5958702064896733
31,16.2,male,unexp_first,social,fairness,unexpected,0.932668329177057,0.7359882005899696
31,16.2,male,unexp_first,social,reach,expected,0.9658935879945428,0.8208556149732621
31,16.2,male,unexp_first,social,reach,unexpected,1,0.753681392235611
31,16.2,male,unexp_first,social,snack,unexpected,0.9797160243407707,0.837116154873164
32,22,male,unexp_first,physical,containment,expected,0.878787878787879,0.836000000000001
32,22,male,unexp_first,physical,containment,unexpected,0.9851063829787234,0.6960000000000006
32,22,male,unexp_first,physical,continuity,expected,1,0.47860962566844745
32,22,male,unexp_first,physical,continuity,unexpected,0.9666666666666669,0.8573333333333332
32,22,male,unexp_first,physical,solidity,expected,1,0.3925233644859811
32,22,male,unexp_first,physical,solidity,unexpected,1,0.4506666666666694
32,22,male,unexp_first,physical,support,expected,1,0.461333333333336
32,22,male,unexp_first,physical,support,unexpected,1,0.5026666666666646
32,22,male,unexp_first,social,drink,expected,1,0.7810413885180241
32,22,male,unexp_first,social,drink,unexpected,0.8703703703703701,0.7533512064343156
32,22,male,unexp_first,social,fairness,expected,1,0.7404129793510307
32,22,male,unexp_first,social,fairness,unexpected,0.9875311720698254,0.7772861356932141
32,22,male,unexp_first,social,reach,expected,1,0.6898395721925134
32,22,male,unexp_first,social,reach,unexpected,1,0.6706827309236926
32,22,male,unexp_first,social,snack,expected,1,0.7493333333333339
32,22,male,unexp_first,social,snack,unexpected,1,0.6221628838451291
33,19.4,female,exp_first,physical,containment,expected,1,0.6293333333333319
33,19.4,female,exp_first,physical,containment,unexpected,1,0.462666666666668
33,19.4,female,exp_first,physical,support,expected,0.6108786610878656,0.8760000000000006
33,19.4,female,exp_first,physical,support,unexpected,0.41544885177453106,0.18133333333333382
33,19.4,female,exp_first,social,drink,expected,0.7930283224400875,0.31241655540720903
33,19.4,female,exp_first,social,drink,unexpected,0.609053497942389,0.6353887399463808
33,19.4,female,exp_first,social,fairness,expected,0.6602739726027403,0.8289085545722711
33,19.4,female,exp_first,social,fairness,unexpected,0.6957605985037418,0.4277286135693218
33,19.4,female,exp_first,social,reach,expected,0.8676671214188268,0.14705882352941302
33,19.4,female,exp_first,social,reach,unexpected,0.574666666666667,0.49665327978580975
33,19.4,female,exp_first,social,snack,expected,0,0.14266666666666855
33,19.4,female,exp_first,social,snack,unexpected,0.3691683569979704,0
34,23.5,male,exp_first,physical,containment,expected,1,0.9706666666666669
34,23.5,male,exp_first,physical,containment,unexpected,1,0.9466666666666671
34,23.5,male,exp_first,physical,continuity,expected,1,0.969251336898396
34,23.5,male,exp_first,physical,continuity,unexpected,0.9306666666666663,0.38933333333333353
34,23.5,male,exp_first,physical,solidity,expected,1,0.9893190921228305
34,23.5,male,exp_first,physical,solidity,unexpected,1,0.6786666666666654
34,23.5,male,exp_first,physical,support,expected,1,0.4880000000000004
34,23.5,male,exp_first,physical,support,unexpected,0.6597077244258885,0.0773333333333333
34,23.5,male,exp_first,social,drink,expected,1,1
34,23.5,male,exp_first,social,drink,unexpected,1,0.9517426273458448
34,23.5,male,exp_first,social,fairness,expected,1,1
34,23.5,male,exp_first,social,fairness,unexpected,1,0.6371681415929186
34,23.5,male,exp_first,social,reach,expected,1,0.6417112299465247
34,23.5,male,exp_first,social,reach,unexpected,1,0.5408299866131194
34,23.5,male,exp_first,social,snack,expected,1,0.22533333333333122
34,23.5,male,exp_first,social,snack,unexpected,0.46044624746450286,0.27236315086782487
35,21.4,male,unexp_first,physical,containment,unexpected,0.761702127659574,0.25333333333333424
35,21.4,male,unexp_first,physical,continuity,expected,0.38000000000000245,0.044117647058823845
35,21.4,male,unexp_first,physical,solidity,expected,1,0.4726301735647523
35,21.4,male,unexp_first,physical,solidity,unexpected,0.9763779527559056,0.7320000000000004
35,21.4,male,unexp_first,physical,support,expected,1,0.32133333333333525
35,21.4,male,unexp_first,physical,support,unexpected,1,0.6586666666666668
35,21.4,male,unexp_first,social,drink,expected,1,0.5193591455273688
35,21.4,male,unexp_first,social,drink,unexpected,1,0.7949061662198375
35,21.4,male,unexp_first,social,reach,expected,1,0.36497326203208685
35,21.4,male,unexp_first,social,reach,unexpected,1,0.7362784471218219
35,21.4,male,unexp_first,social,snack,expected,0.9445628997867804,0.5706666666666663
35,21.4,male,unexp_first,social,snack,unexpected,1,0.9158878504672892
36,24.1,male,unexp_first,physical,containment,expected,0.9111111111111109,0.5733333333333329
36,24.1,male,unexp_first,physical,containment,unexpected,1,0.8639999999999995
36,24.1,male,unexp_first,physical,continuity,expected,0.9026666666666671,0.7633689839572181
36,24.1,male,unexp_first,physical,continuity,unexpected,0.9560000000000003,0.8813333333333336
36,24.1,male,unexp_first,physical,solidity,expected,1,0.21895861148197615
36,24.1,male,unexp_first,physical,solidity,unexpected,0.7440944881889756,0.7946666666666667
36,24.1,male,unexp_first,physical,support,expected,1,0.19333333333333313
36,24.1,male,unexp_first,physical,support,unexpected,1,0.30933333333333585
36,24.1,male,unexp_first,social,drink,expected,0.9869281045751634,0.5594125500667577
36,24.1,male,unexp_first,social,drink,unexpected,1,0.9048257372654173
36,24.1,male,unexp_first,social,fairness,expected,1,0.958702064896755
36,24.1,male,unexp_first,social,fairness,unexpected,1,0.8067846607669602
36,24.1,male,unexp_first,social,reach,expected,1,0.8074866310160428
36,24.1,male,unexp_first,social,reach,unexpected,1,0.7951807228915668
36,24.1,male,unexp_first,social,snack,expected,0.6012793176972285,0.28133333333333244
36,24.1,male,unexp_first,social,snack,unexpected,0.9249492900608521,0.9118825100133511
37,20,male,exp_first,physical,containment,expected,0.6222222222222226,0.35866666666666763
37,20,male,exp_first,physical,containment,unexpected,0.8234042553191498,0.14933333333333354
37,20,male,exp_first,physical,continuity,expected,1,0.2941176470588216
37,20,male,exp_first,physical,continuity,unexpected,0.8799999999999999,0.3373333333333332
37,20,male,exp_first,physical,solidity,expected,1,0.5607476635514026
37,20,male,exp_first,physical,solidity,unexpected,1,0.6626666666666667
37,20,male,exp_first,physical,support,expected,1,1
37,20,male,exp_first,social,drink,expected,1,1
37,20,male,exp_first,social,drink,unexpected,1,0.6608579088471834
37,20,male,exp_first,social,fairness,expected,1,0.7153392330383469
37,20,male,exp_first,social,fairness,unexpected,1,0.26106194690265405
37,20,male,exp_first,social,reach,expected,1,0.6270053475935844
37,20,male,exp_first,social,reach,unexpected,1,0.7483266398929048
37,20,male,exp_first,social,snack,expected,1,0.9093333333333335
37,20,male,exp_first,social,snack,unexpected,1,0.9279038718291055
38,18.8,female,exp_first,physical,containment,expected,0.9898989898989898,0.9773333333333334
38,18.8,female,exp_first,physical,containment,unexpected,0.9723404255319151,0.5173333333333288
38,18.8,female,exp_first,physical,continuity,expected,1,0.780748663101604
38,18.8,female,exp_first,physical,continuity,unexpected,1,0.8506666666666659
38,18.8,female,exp_first,physical,solidity,expected,0.9821109123434704,0.8224299065420567
38,18.8,female,exp_first,physical,solidity,unexpected,1,0.7906666666666666
38,18.8,female,exp_first,physical,support,expected,1,0.7453333333333324
38,18.8,female,exp_first,social,drink,expected,1,0.8304405874499332
38,18.8,female,exp_first,social,drink,unexpected,1,0.8217158176943709
38,18.8,female,exp_first,social,fairness,expected,1,1
38,18.8,female,exp_first,social,fairness,unexpected,1,0.9852507374631269
38,18.8,female,exp_first,social,reach,expected,1,0.7486631016042771
38,18.8,female,exp_first,social,reach,unexpected,1,0.8781793842034807
39,15.4,male,unexp_first,physical,containment,expected,1,0.10533333333333281
39,15.4,male,unexp_first,physical,containment,unexpected,1,0.5
39,15.4,male,unexp_first,physical,continuity,expected,0.8839999999999997,0.5828877005347606
39,15.4,male,unexp_first,physical,continuity,unexpected,0.9799999999999996,0.42666666666666897
39,15.4,male,unexp_first,physical,solidity,expected,0.9874776386404291,0.5687583444592795
39,15.4,male,unexp_first,physical,solidity,unexpected,1,0.4213333333333311
39,15.4,male,unexp_first,physical,support,expected,1,0.6373333333333345
39,15.4,male,unexp_first,physical,support,unexpected,1,1
39,15.4,male,unexp_first,social,drink,expected,0.9738562091503267,0.7129506008010693
39,15.4,male,unexp_first,social,drink,unexpected,1,0.8780160857908852
39,15.4,male,unexp_first,social,fairness,unexpected,0.9027431421446391,0.519174041297935
39,15.4,male,unexp_first,social,reach,expected,1,0.7967914438502673
39,15.4,male,unexp_first,social,snack,expected,1,0.9639999999999997
39,15.4,male,unexp_first,social,snack,unexpected,1,1
41,22.4,male,exp_first,physical,containment,expected,0.9818181818181818,0.8079999999999988
41,22.4,male,exp_first,physical,containment,unexpected,1,0.5733333333333331
41,22.4,male,exp_first,physical,continuity,expected,1,0.5267379679144382
41,22.4,male,exp_first,physical,continuity,unexpected,1,0.5986666666666636
41,22.4,male,exp_first,physical,solidity,expected,0.9624329159212878,0.7369826435247007
41,22.4,male,exp_first,physical,solidity,unexpected,1,0.4679999999999973
41,22.4,male,exp_first,physical,support,expected,1,0.5920000000000006
41,22.4,male,exp_first,physical,support,unexpected,1,0.600000000000002
41,22.4,male,exp_first,social,drink,expected,1,0.6194926568758342
41,22.4,male,exp_first,social,drink,unexpected,1,0.928954423592493
41,22.4,male,exp_first,social,fairness,expected,1,0.7168141592920347
41,22.4,male,exp_first,social,fairness,unexpected,1,0.8038348082595868
41,22.4,male,exp_first,social,reach,expected,1,0.6243315508021386
41,22.4,male,exp_first,social,reach,unexpected,1,0.7336010709504687
41,22.4,male,exp_first,social,snack,expected,1,1
41,22.4,male,exp_first,social,snack,unexpected,0.9371196754563894,0.7770360480640854
42,24.4,female,exp_first,physical,containment,expected,1,0.7613333333333329
42,24.4,female,exp_first,physical,containment,unexpected,1,0.515999999999997
42,24.4,female,exp_first,physical,continuity,expected,1,0.7473262032085544
42,24.4,female,exp_first,physical,continuity,unexpected,1,0.735999999999999
42,24.4,female,exp_first,physical,solidity,expected,1,0.44459279038718413
42,24.4,female,exp_first,physical,solidity,unexpected,0.7106299212598425,0.5893333333333343
42,24.4,female,exp_first,physical,support,expected,1,0.9493333333333333
42,24.4,female,exp_first,physical,support,unexpected,0.8392484342379967,0.8319999999999999
42,24.4,female,exp_first,social,drink,expected,1,0.69559412550067
42,24.4,female,exp_first,social,drink,unexpected,1,0.7453083109919557
42,24.4,female,exp_first,social,fairness,expected,1,1
42,24.4,female,exp_first,social,fairness,unexpected,1,1
42,24.4,female,exp_first,social,reach,expected,1,0.9532085561497328
42,24.4,female,exp_first,social,reach,unexpected,1,0.8835341365461847
42,24.4,female,exp_first,social,snack,expected,0.6972281449893393,0.5119999999999996
42,24.4,female,exp_first,social,snack,unexpected,0.862068965517241,0.8731642189586105
43,20,male,unexp_first,physical,containment,expected,0.6969696969696975,0.0813333333333334
43,20,male,unexp_first,physical,containment,unexpected,0.9957446808510639,0.5186666666666666
43,20,male,unexp_first,physical,continuity,expected,1,0.7005347593582889
43,20,male,unexp_first,physical,continuity,unexpected,1,0.2973333333333363
43,20,male,unexp_first,physical,solidity,expected,0.87298747763864,0.4325767690253667
43,20,male,unexp_first,physical,solidity,unexpected,1,0.4600000000000024
43,20,male,unexp_first,physical,support,expected,0.8075313807531382,0.22266666666666524
43,20,male,unexp_first,physical,support,unexpected,1,0.6293333333333317
43,20,male,unexp_first,social,drink,expected,1,0.5113484646194951
43,20,male,unexp_first,social,drink,unexpected,1,0.680965147453083
43,20,male,unexp_first,social,fairness,expected,1,0.14601769911504411
43,20,male,unexp_first,social,fairness,unexpected,1,0.1445427728613572
43,20,male,unexp_first,social,reach,expected,1,0.30347593582887816
43,20,male,unexp_first,social,reach,unexpected,0,0.26238286479250433
43,20,male,unexp_first,social,snack,expected,0.9509594882729209,0.5253333333333318
43,20,male,unexp_first,social,snack,unexpected,1,0.6114819759679552
44,23,female,unexp_first,physical,containment,expected,0.9030303030303034,0.5053333333333337
44,23,female,unexp_first,physical,containment,unexpected,1,0.39199999999999924
44,23,female,unexp_first,physical,continuity,expected,0.9599999999999994,0.6671122994652411
44,23,female,unexp_first,physical,continuity,unexpected,1,0.5760000000000007
44,23,female,unexp_first,physical,solidity,expected,0.9409660107334525,0.7102803738317754
44,23,female,unexp_first,physical,solidity,unexpected,1,0.702666666666667
44,23,female,unexp_first,physical,support,expected,1,0.3800000000000006
44,23,female,unexp_first,physical,support,unexpected,1,0.7413333333333355
44,23,female,unexp_first,social,drink,expected,0.9346405228758168,0.8918558077436578
44,23,female,unexp_first,social,drink,unexpected,0.9506172839506175,0.706434316353888
44,23,female,unexp_first,social,fairness,expected,0.7589041095890413,0.3967551622418877
44,23,female,unexp_first,social,fairness,unexpected,1,0.13126843657817147
44,23,female,unexp_first,social,reach,expected,1,0.7352941176470597
44,23,female,unexp_first,social,reach,unexpected,1,0.8366800535475232
44,23,female,unexp_first,social,snack,expected,1,0.8586666666666672
44,23,female,unexp_first,social,snack,unexpected,0.9756592292089251,0.8331108144192251
45,20,male,exp_first,physical,containment,expected,1,0.5359999999999991
45,20,male,exp_first,physical,containment,unexpected,0.8404255319148936,0.692000000000001
45,20,male,exp_first,physical,continuity,unexpected,0,0
45,20,male,exp_first,physical,solidity,expected,0.9928443649373881,0.6234979973297736
45,20,male,exp_first,physical,solidity,unexpected,0.9468503937007875,0.7720000000000009
45,20,male,exp_first,physical,support,expected,1,0.7893333333333339
45,20,male,exp_first,physical,support,unexpected,1,0.3493333333333328
45,20,male,exp_first,social,drink,expected,1,0.8133971291866017
45,20,male,exp_first,social,drink,unexpected,1,0.6648793565683654
45,20,male,exp_first,social,fairness,expected,0.8027397260273974,0.9631268436578171
45,20,male,exp_first,social,fairness,unexpected,0.967581047381546,0.9009433962264145
45,20,male,exp_first,social,reach,unexpected,0.769230769230769,0.18556701030927883
45,20,male,exp_first,social,snack,expected,NA,0.5459459459459463
47,15.8,male,unexp_first,physical,containment,expected,0.9656565656565653,0.022666666666666984
47,15.8,male,unexp_first,physical,containment,unexpected,0.8425531914893616,0.12133333333333401
47,15.8,male,unexp_first,physical,continuity,expected,0.7240000000000011,0.21390374331550804
47,15.8,male,unexp_first,physical,continuity,unexpected,0.7040000000000011,0.41066666666666574
47,15.8,male,unexp_first,physical,solidity,expected,0.49194991055456044,0.10547396528704941
47,15.8,male,unexp_first,physical,solidity,unexpected,1,0.7946666666666663
47,15.8,male,unexp_first,physical,support,expected,0.9414225941422593,0.2600000000000001
47,15.8,male,unexp_first,physical,support,unexpected,1,0.44666666666666555
47,15.8,male,unexp_first,social,drink,expected,1,0.493991989319089
47,15.8,male,unexp_first,social,drink,unexpected,1,0.7815013404825729
47,15.8,male,unexp_first,social,fairness,expected,1,0.3997050147492643
47,15.8,male,unexp_first,social,fairness,unexpected,0.8179551122194517,0.3495575221238965
47,15.8,male,unexp_first,social,reach,expected,0.7489768076398365,0.6336898395721912
47,15.8,male,unexp_first,social,reach,unexpected,1,0.15930388219545066
47,15.8,male,unexp_first,social,snack,expected,1,0.6199999999999988
47,15.8,male,unexp_first,social,snack,unexpected,0.8640973630831645,0.9786381842456611
48,20.4,NA,unexp_first,physical,containment,expected,0.8141414141414132,0.48666666666666747
48,20.4,NA,unexp_first,physical,containment,unexpected,0.4361702127659567,0.574666666666667
48,20.4,NA,unexp_first,physical,continuity,expected,0.5626666666666672,0.6096256684491981
48,20.4,NA,unexp_first,physical,continuity,unexpected,0.28533333333333444,0.5199999999999997
48,20.4,NA,unexp_first,physical,solidity,expected,0.3041144901610028,0.4659546061415258
48,20.4,NA,unexp_first,physical,solidity,unexpected,0.5236220472440936,0.37466666666666465
48,20.4,NA,unexp_first,physical,support,expected,0.7175732217573234,0.4573333333333306
48,20.4,NA,unexp_first,physical,support,unexpected,0.9227557411273482,0.6013333333333342
48,20.4,NA,unexp_first,social,drink,expected,1,0.8678237650200262
48,20.4,NA,unexp_first,social,drink,unexpected,0.42386831275720255,0.6809651474530852
48,20.4,NA,unexp_first,social,fairness,expected,0.9315068493150683,0.6312684365781718
48,20.4,NA,unexp_first,social,fairness,unexpected,0,0.65929203539823
48,20.4,NA,unexp_first,social,reach,expected,0.9399727148703957,0.7767379679144386
48,20.4,NA,unexp_first,social,reach,unexpected,0.6906666666666675,0.8326639892904956
48,20.4,NA,unexp_first,social,snack,expected,0.6332622601279322,0.5586666666666662
48,20.4,NA,unexp_first,social,snack,unexpected,0.9107505070993916,0.6355140186915889
49,19.2,female,exp_first,physical,containment,unexpected,0.5829787234042554,0
49,19.2,female,exp_first,physical,continuity,expected,0.4319999999999992,0.25802139037432886
49,19.2,female,exp_first,physical,continuity,unexpected,0.08533333333333326,0
49,19.2,female,exp_first,physical,solidity,expected,0.9803220035778176,0.6141522029372507
49,19.2,female,exp_first,physical,solidity,unexpected,0.8031496062992128,0.42266666666666763
49,19.2,female,exp_first,physical,support,expected,0.9707112970711296,0.1133333333333319
49,19.2,female,exp_first,physical,support,unexpected,0.9958246346555324,0.4346666666666666
49,19.2,female,exp_first,social,drink,expected,0.5620915032679726,0.5006675567423243
49,19.2,female,exp_first,social,drink,unexpected,0.20781893004115295,0.05630026809651498
49,19.2,female,exp_first,social,fairness,expected,0.7123287671232875,0.21238938053097428
49,19.2,female,exp_first,social,fairness,unexpected,0.6284289276807977,0.1828908554572282
49,19.2,female,exp_first,social,reach,expected,1,0.5802139037433154
49,19.2,female,exp_first,social,reach,unexpected,0.9053333333333333,0.1713520749665317
49,19.2,female,exp_first,social,snack,expected,0.6396588486140723,0.800000000000002
49,19.2,female,exp_first,social,snack,unexpected,0.3671399594320474,0.38050734312416234
50,13.7,male,exp_first,physical,containment,expected,0.222222222222222,0.038666666666666474
50,13.7,male,exp_first,physical,containment,unexpected,0.16595744680851057,0.03733333333333337
50,13.7,male,exp_first,physical,continuity,expected,0.18133333333333265,0.07887700534759413
50,13.7,male,exp_first,physical,continuity,unexpected,0.5519999999999993,0.1160000000000003
50,13.7,male,exp_first,physical,solidity,expected,0.16994633273702844,0.018691588785046738
50,13.7,male,exp_first,physical,solidity,unexpected,0.1043307086614168,0.026666666666666648
50,13.7,male,exp_first,social,drink,expected,0.20915032679738627,0.4045393858477966
50,13.7,male,exp_first,social,drink,unexpected,0.7880658436213994,0.3619302949061673
50,13.7,male,exp_first,social,fairness,expected,0.3369863013698634,0.10619469026548564
50,13.7,male,exp_first,social,fairness,unexpected,0.6034912718204485,0.2345132743362833
50,13.7,male,exp_first,social,reach,expected,0.6766712141882679,0.3689839572192502
50,13.7,male,exp_first,social,reach,unexpected,0.4533333333333335,0.21552878179384208
50,13.7,male,exp_first,social,snack,expected,0.23880597014925392,0.06933333333333364
50,13.7,male,exp_first,social,snack,unexpected,0.5699797160243399,0.1375166889185574
51,22.8,female,unexp_first,physical,containment,expected,0.8727272727272729,0.39466666666666744
51,22.8,female,unexp_first,physical,containment,unexpected,1,0.6573333333333368
51,22.8,female,unexp_first,physical,continuity,expected,1,0.6590909090909106
51,22.8,female,unexp_first,physical,continuity,unexpected,1,0.4733333333333328
51,22.8,female,unexp_first,physical,solidity,expected,0.9409660107334532,0.6875834445927912
51,22.8,female,unexp_first,physical,solidity,unexpected,1,0.7386666666666696
51,22.8,female,unexp_first,physical,support,expected,0.8765690376569031,0.8480000000000008
51,22.8,female,unexp_first,physical,support,unexpected,1,0.8240000000000006
51,22.8,female,unexp_first,social,drink,expected,1,0.7102803738317739
51,22.8,female,unexp_first,social,drink,unexpected,1,1
51,22.8,female,unexp_first,social,fairness,expected,1,0.6637168141592925
51,22.8,female,unexp_first,social,fairness,unexpected,0.9526184538653362,1
51,22.8,female,unexp_first,social,reach,expected,1,0.542780748663101
51,22.8,female,unexp_first,social,reach,unexpected,1,0.672021419009372
51,22.8,female,unexp_first,social,snack,expected,1,0.9146666666666659
51,22.8,female,unexp_first,social,snack,unexpected,1,1
52,20,male,unexp_first,physical,containment,expected,0.8282828282828281,0.25466666666666776
52,20,male,unexp_first,physical,containment,unexpected,1,0.6013333333333334
52,20,male,unexp_first,physical,continuity,expected,0.817333333333333,0.2754010695187141
52,20,male,unexp_first,physical,continuity,unexpected,0.836000000000001,0.41066666666666524
52,20,male,unexp_first,physical,solidity,expected,1,0.5327102803738308
52,20,male,unexp_first,physical,solidity,unexpected,0.9114173228346457,0.5039999999999994
52,20,male,unexp_first,physical,support,expected,1,0.5466666666666665
52,20,male,unexp_first,physical,support,unexpected,1,0.7453333333333325
52,20,male,unexp_first,social,fairness,expected,0.7260273972602735,0.3967551622418877
52,20,male,unexp_first,social,fairness,unexpected,0.7057356608478812,0.598820058997051
52,20,male,unexp_first,social,reach,expected,0.9863574351978172,0.33689839572192565
52,20,male,unexp_first,social,reach,unexpected,1,0.38420348058902326
52,20,male,unexp_first,social,snack,expected,0.7697228144989339,0.5080000000000001
52,20,male,unexp_first,social,snack,unexpected,0.8093306288032457,0.6795727636849113
53,23.4,male,unexp_first,physical,containment,expected,1,0.47866666666666535
53,23.4,male,unexp_first,physical,continuity,expected,0.9666666666666671,0.44251336898395704
53,23.4,male,unexp_first,physical,continuity,unexpected,0.9866666666666667,0.7333333333333332
53,23.4,male,unexp_first,physical,solidity,expected,0.9856887298747765,0.5073431241655545
53,23.4,male,unexp_first,physical,solidity,unexpected,1,0.842666666666665
53,23.4,male,unexp_first,physical,support,expected,0.40167364016736357,0.19200000000000264
53,23.4,male,unexp_first,physical,support,unexpected,1,0.42666666666666836
53,23.4,male,unexp_first,social,drink,expected,0.9673202614379084,0.873164218958611
53,23.4,male,unexp_first,social,drink,unexpected,1,0.9276139410187665
53,23.4,male,unexp_first,social,fairness,expected,1,0.6489675516224185
53,23.4,male,unexp_first,social,fairness,unexpected,1,0.7168141592920353
53,23.4,male,unexp_first,social,reach,expected,0.9836289222373803,0.35561497326203
53,23.4,male,unexp_first,social,reach,unexpected,1,0.654618473895583
53,23.4,male,unexp_first,social,snack,expected,0.6204690831556493,0.3373333333333332
53,23.4,male,unexp_first,social,snack,unexpected,0.9026369168356996,0.7863818424566104
54,20.9,female,exp_first,physical,containment,expected,1,0.08666666666666722
54,20.9,female,exp_first,physical,containment,unexpected,0.9000000000000008,0.610666666666669
54,20.9,female,exp_first,physical,continuity,expected,1,0.8475935828877013
54,20.9,female,exp_first,physical,continuity,unexpected,0.9333333333333331,0.5320000000000016
54,20.9,female,exp_first,physical,solidity,expected,1,0.6315086782376494
54,20.9,female,exp_first,physical,solidity,unexpected,1,0.6986666666666662
54,20.9,female,exp_first,physical,support,expected,1,0.42399999999999616
54,20.9,female,exp_first,physical,support,unexpected,1,0.22000000000000097
54,20.9,female,exp_first,social,drink,expected,1,0.47930574098798123
54,20.9,female,exp_first,social,drink,unexpected,0.9835390946502058,0.6957104557640775
54,20.9,female,exp_first,social,fairness,expected,1,1
54,20.9,female,exp_first,social,fairness,unexpected,1,0.8584070796460174
54,20.9,female,exp_first,social,reach,expected,1,0.7606951871657754
54,20.9,female,exp_first,social,reach,unexpected,0.9893333333333334,0.3908969210174047
54,20.9,female,exp_first,social,snack,expected,1,0.9560000000000004
54,20.9,female,exp_first,social,snack,unexpected,1,0.9025367156208286
55,18.4,male,exp_first,physical,containment,expected,0.8868686868686871,0.7026666666666651
55,18.4,male,exp_first,physical,containment,unexpected,0.9319148936170212,0.5333333333333333
55,18.4,male,exp_first,physical,continuity,expected,0.9133333333333328,0.5160427807486634
55,18.4,male,exp_first,physical,continuity,unexpected,0.7226666666666667,0.4746666666666671
55,18.4,male,exp_first,physical,solidity,expected,0.9821109123434704,0.6194926568758341
55,18.4,male,exp_first,physical,solidity,unexpected,1,0.43733333333333624
55,18.4,male,exp_first,physical,support,expected,1,0.5560000000000002
55,18.4,male,exp_first,physical,support,unexpected,1,0.6360000000000009
55,18.4,male,exp_first,social,drink,expected,0.9389978213507625,0.7877169559412545
55,18.4,male,exp_first,social,drink,unexpected,1,0.8713136729222521
55,18.4,male,exp_first,social,reach,expected,1,0.6911764705882377
55,18.4,male,exp_first,social,reach,unexpected,0.9866666666666668,0.8340026773761711
55,18.4,male,exp_first,social,snack,expected,1,0.6586666666666664
55,18.4,male,exp_first,social,snack,unexpected,0.6754563894523317,0.539385847797062
56,15.4,male,unexp_first,physical,containment,expected,0.7171717171717171,0.19333333333333272
56,15.4,male,unexp_first,physical,containment,unexpected,0.9340425531914897,0.4199999999999992
56,15.4,male,unexp_first,physical,continuity,expected,1,0.48262032085561385
56,15.4,male,unexp_first,physical,continuity,unexpected,0.8000000000000009,0.6040000000000006
56,15.4,male,unexp_first,physical,solidity,expected,0.9159212880143112,0.20560747663551393
56,15.4,male,unexp_first,physical,solidity,unexpected,0.9645669291338582,0.5160000000000003
56,15.4,male,unexp_first,social,drink,expected,1,0.7716955941254998
56,15.4,male,unexp_first,social,drink,unexpected,1,0.8699731903485252
56,15.4,male,unexp_first,social,fairness,expected,1,0.967551622418879
56,15.4,male,unexp_first,social,fairness,unexpected,1,0.8923303834808264
56,15.4,male,unexp_first,social,reach,expected,0.9795361527967257,0.7192513368983962
56,15.4,male,unexp_first,social,reach,unexpected,1,0.7831325301204811
59,15.9,male,unexp_first,physical,containment,expected,0.9656565656565654,0.2733333333333349
59,15.9,male,unexp_first,physical,containment,unexpected,1,0.2546666666666679
59,15.9,male,unexp_first,physical,continuity,expected,0.7840000000000005,0.21925133689839613
59,15.9,male,unexp_first,physical,continuity,unexpected,0.5573333333333341,0.1533333333333336
59,15.9,male,unexp_first,physical,solidity,expected,0.45796064400715386,0.2096128170894535
59,15.9,male,unexp_first,physical,solidity,unexpected,0.9192913385826769,0.4119999999999984
59,15.9,male,unexp_first,physical,support,expected,0.8284518828451897,0.17600000000000043
59,15.9,male,unexp_first,physical,support,unexpected,1,0.6173333333333322
59,15.9,male,unexp_first,social,drink,expected,1,0.4539385847797062
59,15.9,male,unexp_first,social,drink,unexpected,0.6748971193415623,0.5536193029490637
59,15.9,male,unexp_first,social,fairness,expected,1,0.7050147492625358
59,15.9,male,unexp_first,social,fairness,unexpected,1,0.9469026548672571
59,15.9,male,unexp_first,social,reach,expected,0.7298772169167821,0.3168449197860965
59,15.9,male,unexp_first,social,reach,unexpected,1,0.8808567603748324
59,15.9,male,unexp_first,social,snack,expected,0.7356076759061848,0.7480000000000008
59,15.9,male,unexp_first,social,snack,unexpected,1,0.6608811748998653
61,16.3,female,exp_first,physical,support,expected,1,0.2893333333333348
61,16.3,female,exp_first,physical,support,unexpected,0.9373695198329854,0.44533333333333114
61,16.3,female,exp_first,social,reach,expected,1,0.3983957219251329
61,16.3,female,exp_first,social,reach,unexpected,0.8346666666666682,0.22356091030789918
61,16.3,female,exp_first,social,snack,expected,1,0.793333333333331
61,16.3,female,exp_first,social,snack,unexpected,0.8438133874239347,0.667556742323096
62,14.5,female,exp_first,physical,containment,expected,1,0.8893333333333335
62,14.5,female,exp_first,physical,containment,unexpected,0.8659574468085103,0.7253333333333347
62,14.5,female,exp_first,physical,continuity,expected,0.9493333333333337,0.6911764705882374
62,14.5,female,exp_first,physical,continuity,unexpected,0.7866666666666663,0.9199999999999994
62,14.5,female,exp_first,physical,solidity,expected,0.9856887298747765,0.7983978638184246
62,14.5,female,exp_first,physical,solidity,unexpected,0.9803149606299213,0.753333333333334
62,14.5,female,exp_first,physical,support,expected,1,0.8093333333333332
62,14.5,female,exp_first,physical,support,unexpected,1,0.7426666666666664
62,14.5,female,exp_first,social,drink,expected,1,0.9399198931909208
62,14.5,female,exp_first,social,drink,unexpected,1,0.9061662198391421
62,14.5,female,exp_first,social,fairness,expected,1,0.8407079646017702
62,14.5,female,exp_first,social,fairness,unexpected,1,0.9011799410029496
62,14.5,female,exp_first,social,reach,expected,1,0.9839572192513368
62,14.5,female,exp_first,social,reach,unexpected,1,0.9330655957161985
62,14.5,female,exp_first,social,snack,expected,1,0.9333333333333331
62,14.5,female,exp_first,social,snack,unexpected,1,0.9225634178905195
63,15,male,unexp_first,physical,solidity,unexpected,0.9665354330708662,0.8533333333333345
63,15,male,unexp_first,physical,support,expected,0.9895397489539748,0.588
63,15,male,unexp_first,physical,support,unexpected,0.9561586638830899,0.5866666666666667
63,15,male,unexp_first,social,reach,unexpected,0.8346666666666678,0.6104417670682727
63,15,male,unexp_first,social,snack,expected,0.8144989339019184,0.6893333333333341
63,15,male,unexp_first,social,snack,unexpected,0.9148073022312373,0.842456608811749
64,15,male,unexp_first,physical,containment,expected,0.9777777777777776,0.844000000000001
64,15,male,unexp_first,physical,containment,unexpected,1,0.9493333333333334
64,15,male,unexp_first,physical,continuity,expected,0.7599999999999981,0.5
64,15,male,unexp_first,physical,continuity,unexpected,0.6133333333333356,0.8173333333333337
64,15,male,unexp_first,physical,solidity,expected,0.5635062611806803,0.7690253671562091
64,15,male,unexp_first,physical,solidity,unexpected,0.9763779527559056,0.7119999999999987
64,15,male,unexp_first,physical,support,expected,0.4100418410041832,0.7466666666666647
64,15,male,unexp_first,physical,support,unexpected,0.1795407098121083,0.7880000000000015
64,15,male,unexp_first,social,drink,expected,0.8779956427015254,0.6435246995994678
64,15,male,unexp_first,social,drink,unexpected,0.6769547325102874,0.7117962466487944
64,15,male,unexp_first,social,fairness,expected,0.15890410958904075,0.6725663716814185
64,15,male,unexp_first,social,fairness,unexpected,0.8029925187032418,0.7256637168141614
64,15,male,unexp_first,social,reach,expected,0.624829467939972,0.5601604278074851
64,15,male,unexp_first,social,reach,unexpected,0.8186666666666668,0.4163319946452478
64,15,male,unexp_first,social,snack,expected,0.26439232409381647,0.5946666666666662
64,15,male,unexp_first,social,snack,unexpected,0.9087221095334689,0.43925233644859574
65,17.3,female,exp_first,physical,continuity,expected,0.21333333333333357,0.3676470588235288
65,17.3,female,exp_first,physical,continuity,unexpected,1,0.38533333333333236
65,17.3,female,exp_first,physical,solidity,expected,0.8980322003577813,0.7102803738317739
65,17.3,female,exp_first,physical,solidity,unexpected,1,0.803999999999999
65,17.3,female,exp_first,physical,support,expected,1,0.6000000000000026
65,17.3,female,exp_first,physical,support,unexpected,1,0.6293333333333319
65,17.3,female,exp_first,social,drink,expected,1,0.6582109479305742
65,17.3,female,exp_first,social,fairness,expected,0.9369863013698627,0.5353982300884955
65,17.3,female,exp_first,social,fairness,unexpected,0.745635910224439,0.240412979351032
65,17.3,female,exp_first,social,reach,expected,1,0.8516042780748663
65,17.3,female,exp_first,social,reach,unexpected,1,0.5823293172690786
65,17.3,female,exp_first,social,snack,expected,1,0.9160000000000009
65,17.3,female,exp_first,social,snack,unexpected,0.7687626774847869,0.8184245660881168
66,27,female,exp_first,physical,containment,expected,0.9191919191919194,0.6866666666666662
66,27,female,exp_first,physical,containment,unexpected,0.9638297872340424,0.3999999999999991
66,27,female,exp_first,physical,continuity,expected,0.9880000000000002,0.6657754010695192
66,27,female,exp_first,physical,continuity,unexpected,0.9866666666666667,0.3399999999999982
66,27,female,exp_first,physical,solidity,expected,0.9910554561717353,0.9412550066755674
66,27,female,exp_first,physical,solidity,unexpected,1,0.5426666666666665
66,27,female,exp_first,physical,support,expected,0.9790794979079497,0.6986666666666655
66,27,female,exp_first,physical,support,unexpected,0.9895615866388309,0.6759999999999986
66,27,female,exp_first,social,drink,expected,1,0.7276368491321767
66,27,female,exp_first,social,drink,unexpected,0.7983539094650203,0.7533512064343157
66,27,female,exp_first,social,fairness,expected,1,0.7713864306784668
66,27,female,exp_first,social,fairness,unexpected,1,0.5619469026548674
66,27,female,exp_first,social,reach,expected,1,0.7540106951871653
66,27,female,exp_first,social,reach,unexpected,0.8919999999999998,0.5220883534136554
66,27,female,exp_first,social,snack,expected,0.953091684434968,0.6053333333333325
66,27,female,exp_first,social,snack,unexpected,0.6876267748478695,0.8384512683578107
67,19.6,female,unexp_first,physical,containment,expected,1,0.29466666666666685
67,19.6,female,unexp_first,physical,containment,unexpected,1,0.7026666666666668
67,19.6,female,unexp_first,physical,continuity,expected,1,0.3770053475935843
67,19.6,female,unexp_first,physical,continuity,unexpected,0.9533333333333335,0.5440000000000024
67,19.6,female,unexp_first,physical,solidity,expected,0.9606440071556354,0.6448598130841132
67,19.6,female,unexp_first,physical,solidity,unexpected,1,0.8426666666666669
67,19.6,female,unexp_first,physical,support,expected,1,0.824
67,19.6,female,unexp_first,physical,support,unexpected,1,0.9293333333333333
67,19.6,female,unexp_first,social,drink,expected,1,0.8571428571428571
67,19.6,female,unexp_first,social,drink,unexpected,1,0.9865951742627346
67,19.6,female,unexp_first,social,fairness,expected,1,0.5058997050147467
67,19.6,female,unexp_first,social,fairness,unexpected,1,0.7330383480825965
67,19.6,female,unexp_first,social,reach,expected,1,0.745989304812835
67,19.6,female,unexp_first,social,reach,unexpected,1,0.7630522088353391
67,19.6,female,unexp_first,social,snack,expected,0.9424307036247335,0.9906666666666666
67,19.6,female,unexp_first,social,snack,unexpected,1,0.8931909212283052
68,17.9,female,unexp_first,physical,containment,expected,0.769696969696969,0.2413333333333349
68,17.9,female,unexp_first,physical,containment,unexpected,1,0.39066666666666966
68,17.9,female,unexp_first,physical,continuity,expected,0.957333333333333,0.48930481283422617
68,17.9,female,unexp_first,physical,continuity,unexpected,0.968,0.7040000000000003
68,17.9,female,unexp_first,physical,solidity,expected,0.9194991055456171,0.7209612817089452
68,17.9,female,unexp_first,physical,solidity,unexpected,1,0.4880000000000004
68,17.9,female,unexp_first,physical,support,expected,0.9916317991631798,0.27733333333333443
68,17.9,female,unexp_first,physical,support,unexpected,1,0.4453333333333311
68,17.9,female,unexp_first,social,drink,expected,1,0.9092122830440585
68,17.9,female,unexp_first,social,drink,unexpected,1,0.8726541554959778
68,17.9,female,unexp_first,social,fairness,expected,0.9178082191780823,0.9070796460176989
68,17.9,female,unexp_first,social,fairness,unexpected,0.9501246882793014,0.8657817109144541
68,17.9,female,unexp_first,social,reach,expected,1,0.5280748663101595
68,17.9,female,unexp_first,social,reach,unexpected,1,0.6024096385542168
68,17.9,female,unexp_first,social,snack,expected,0.6396588486140714,0.23066666666666816
68,17.9,female,unexp_first,social,snack,unexpected,0.892494929006086,0.40854472630173644
69,20.24,female,exp_first,physical,containment,expected,0.9292929292929291,0.3093333333333326
69,20.24,female,exp_first,physical,containment,unexpected,0.9787234042553191,0.6853333333333339
69,20.24,female,exp_first,physical,continuity,expected,1,0.46791443850267317
69,20.24,female,exp_first,physical,continuity,unexpected,0.9986666666666667,0.4133333333333343
69,20.24,female,exp_first,physical,solidity,expected,1,0.92256341789052
69,20.24,female,exp_first,physical,solidity,unexpected,1,0.8080000000000002
69,20.24,female,exp_first,physical,support,expected,1,0.8266666666666658
69,20.24,female,exp_first,physical,support,unexpected,1,0.7266666666666668
69,20.24,female,exp_first,social,drink,expected,1,0.6755674232309762
69,20.24,female,exp_first,social,drink,unexpected,1,0.6260053619302938
69,20.24,female,exp_first,social,fairness,expected,1,0.9764011799410027
69,20.24,female,exp_first,social,fairness,unexpected,1,0.5973451327433629
69,20.24,female,exp_first,social,reach,expected,1,0.7272727272727261
69,20.24,female,exp_first,social,reach,unexpected,1,0.7898259705488628
69,20.24,female,exp_first,social,snack,expected,0.9509594882729211,1
69,20.24,female,exp_first,social,snack,unexpected,1,0.9225634178905204
71,15.1,female,unexp_first,physical,containment,expected,0.9575757575757579,0.657333333333334
71,15.1,female,unexp_first,physical,containment,unexpected,0.9829787234042554,0.3399999999999973
71,15.1,female,unexp_first,physical,continuity,expected,0.9333333333333331,0.6657754010695192
71,15.1,female,unexp_first,physical,continuity,unexpected,0.9560000000000002,0.936
71,15.1,female,unexp_first,physical,solidity,expected,0.8568872987477631,0.3204272363150887
71,15.1,female,unexp_first,physical,solidity,unexpected,1,0.5466666666666665
71,15.1,female,unexp_first,physical,support,expected,1,0.48800000000000043
71,15.1,female,unexp_first,physical,support,unexpected,1,0.39999999999999736
71,15.1,female,unexp_first,social,drink,expected,1,0.606141522029371
71,15.1,female,unexp_first,social,drink,unexpected,1,0.9450402144772119
71,15.1,female,unexp_first,social,fairness,expected,1,0.5707964601769899
71,15.1,female,unexp_first,social,fairness,unexpected,1,0.8967551622418877
71,15.1,female,unexp_first,social,reach,expected,1,0.7072192513368982
71,15.1,female,unexp_first,social,reach,unexpected,1,0.7081659973226239
71,15.1,female,unexp_first,social,snack,expected,0.7228144989339027,0.6773333333333307
71,15.1,female,unexp_first,social,snack,unexpected,0.7281947261663306,0.5447263017356461
72,24.6,female,unexp_first,physical,containment,expected,1,0.8706666666666674
72,24.6,female,unexp_first,physical,containment,unexpected,1,0.44399999999999856
72,24.6,female,unexp_first,physical,continuity,expected,1,0.48262032085561496
72,24.6,female,unexp_first,physical,continuity,unexpected,1,0.6999999999999988
72,24.6,female,unexp_first,physical,solidity,expected,1,0.5473965287049422
72,24.6,female,unexp_first,physical,solidity,unexpected,1,0.5560000000000015
72,24.6,female,unexp_first,physical,support,expected,1,0.32799999999999774
72,24.6,female,unexp_first,physical,support,unexpected,1,0.6946666666666673
72,24.6,female,unexp_first,social,drink,expected,1,0.6008010680907869
72,24.6,female,unexp_first,social,drink,unexpected,1,0.7506702412868616
72,24.6,female,unexp_first,social,fairness,expected,1,0.7595870206489689
72,24.6,female,unexp_first,social,fairness,unexpected,1,0.7566371681415915
72,24.6,female,unexp_first,social,reach,expected,0.7435197817189644,0.4358288770053465
72,24.6,female,unexp_first,social,reach,unexpected,0.9599999999999996,0.4725568942436433
72,24.6,female,unexp_first,social,snack,expected,1,0.570666666666667
72,24.6,female,unexp_first,social,snack,unexpected,1,0.9132176234979976
73,22.14,female,exp_first,physical,containment,expected,0.9858585858585858,0.7826666666666665
73,22.14,female,exp_first,physical,containment,unexpected,1,0.8733333333333321
73,22.14,female,exp_first,physical,continuity,expected,1,0.6751336898395746
73,22.14,female,exp_first,physical,continuity,unexpected,1,0.8879999999999996
73,22.14,female,exp_first,physical,solidity,expected,1,0.9506008010680906
73,22.14,female,exp_first,physical,solidity,unexpected,1,0.8133333333333338
73,22.14,female,exp_first,physical,support,expected,1,1
73,22.14,female,exp_first,physical,support,unexpected,1,1
73,22.14,female,exp_first,social,drink,expected,1,0.797062750333778
73,22.14,female,exp_first,social,drink,unexpected,1,0.8458445040214475
73,22.14,female,exp_first,social,fairness,expected,1,0.820058997050148
73,22.14,female,exp_first,social,fairness,unexpected,1,0.9542772861356935
73,22.14,female,exp_first,social,reach,expected,1,0.8836898395721928
73,22.14,female,exp_first,social,reach,unexpected,1,1
73,22.14,female,exp_first,social,snack,expected,1,0.9560000000000003
73,22.14,female,exp_first,social,snack,unexpected,1,1
75,23.24,female,unexp_first,physical,containment,expected,1,0.5226666666666673
75,23.24,female,unexp_first,physical,containment,unexpected,1,0.5479999999999984
75,23.24,female,unexp_first,physical,continuity,expected,0.9146666666666665,0.7045454545454553
75,23.24,female,unexp_first,physical,continuity,unexpected,0.9426666666666667,0.6999999999999994
75,23.24,female,unexp_first,physical,solidity,expected,0.8676207513416817,0.5580774365821091
75,23.24,female,unexp_first,physical,solidity,unexpected,1,0.782666666666667
75,23.24,female,unexp_first,physical,support,expected,0.8995815899581593,0.4653333333333331
75,23.24,female,unexp_first,physical,support,unexpected,0.8935281837160762,0.6160000000000003
75,23.24,female,unexp_first,social,drink,expected,1,0.7142857142857159
75,23.24,female,unexp_first,social,drink,unexpected,1,0.9142091152815014
75,23.24,female,unexp_first,social,fairness,expected,1,0.9380530973451326
75,23.24,female,unexp_first,social,fairness,unexpected,1,0.830383480825959
75,23.24,female,unexp_first,social,reach,expected,0.9549795361527968,0.46791443850267317
75,23.24,female,unexp_first,social,reach,unexpected,1,0.5274431057563583
75,23.24,female,unexp_first,social,snack,expected,0.8336886993603408,0.6666666666666663
75,23.24,female,unexp_first,social,snack,unexpected,0.8356997971602429,0.8157543391188248
76,23.1,female,exp_first,physical,containment,expected,0.2989898989898974,0.04533333333333316
76,23.1,female,exp_first,physical,continuity,expected,0.2799999999999995,0.31149732620320775
76,23.1,female,exp_first,physical,continuity,unexpected,0.4613333333333332,0.2346666666666656
76,23.1,female,exp_first,physical,support,expected,0.257322175732217,0.27600000000000063
76,23.1,female,exp_first,physical,support,unexpected,0.8977035490605424,0.4173333333333337
76,23.1,female,exp_first,social,fairness,expected,1,0.42625368731563257
76,23.1,female,exp_first,social,fairness,unexpected,0.7256857855361603,0.1504424778761068
76,23.1,female,exp_first,social,reach,expected,1,0.28074866310160385
76,23.1,female,exp_first,social,reach,unexpected,0.5453333333333342,0.06693440428380135
76,23.1,female,exp_first,social,snack,expected,0.7014925373134315,0.3093333333333354
76,23.1,female,exp_first,social,snack,unexpected,0.4462474645030428,0.29506008010681006
77,22.16,male,unexp_first,physical,containment,expected,0.901010101010101,0.5826666666666654
77,22.16,male,unexp_first,physical,containment,unexpected,1,0.32933333333333326
77,22.16,male,unexp_first,physical,continuity,expected,0.5053333333333337,0.6203208556149746
77,22.16,male,unexp_first,physical,continuity,unexpected,0.6786666666666666,0.6426666666666674
77,22.16,male,unexp_first,physical,solidity,expected,0.25939177101967725,0.4979973297730323
77,22.16,male,unexp_first,physical,solidity,unexpected,0.5098425196850401,0.027999999999999994
77,22.16,male,unexp_first,physical,support,expected,1,0.629333333333332
77,22.16,male,unexp_first,physical,support,unexpected,0.9060542797494777,0.5013333333333321
77,22.16,male,unexp_first,social,drink,expected,0.586056644880175,0.34579439252336547
77,22.16,male,unexp_first,social,drink,unexpected,1,0.6461126005361931
77,22.16,male,unexp_first,social,fairness,expected,0.6849315068493155,0.5427728613569319
77,22.16,male,unexp_first,social,fairness,unexpected,1,0.3008849557522143
77,22.16,male,unexp_first,social,reach,expected,0,0.03208556149732646
77,22.16,male,unexp_first,social,reach,unexpected,0.5213333333333338,0.23694779116465858
78,19.29,male,unexp_first,physical,containment,expected,0,0
78,19.29,male,unexp_first,physical,containment,unexpected,0,0
78,19.29,male,unexp_first,physical,continuity,expected,0,0
78,19.29,male,unexp_first,physical,solidity,expected,0,0
78,19.29,male,unexp_first,physical,solidity,unexpected,0,0
78,19.29,male,unexp_first,physical,support,expected,0,0
78,19.29,male,unexp_first,physical,support,unexpected,0,0
78,19.29,male,unexp_first,social,drink,expected,0,0
78,19.29,male,unexp_first,social,drink,unexpected,0,0
78,19.29,male,unexp_first,social,fairness,expected,0,0
78,19.29,male,unexp_first,social,fairness,unexpected,0,0
78,19.29,male,unexp_first,social,reach,expected,0,0
78,19.29,male,unexp_first,social,reach,unexpected,0,0
78,19.29,male,unexp_first,social,snack,expected,0,0
78,19.29,male,unexp_first,social,snack,unexpected,0,0
81,16.18,male,exp_first,physical,containment,expected,1,0.7479999999999989
81,16.18,male,exp_first,physical,containment,unexpected,1,0.425333333333336
81,16.18,male,exp_first,physical,continuity,expected,0.8346666666666676,0.9558823529411765
81,16.18,male,exp_first,physical,continuity,unexpected,0.9826666666666666,0.7720000000000006
81,16.18,male,exp_first,physical,solidity,expected,0.6100178890876559,0.8931909212283048
81,16.18,male,exp_first,physical,solidity,unexpected,0.7027559055118123,0.6253333333333352
81,16.18,male,exp_first,physical,support,expected,1,0.40799999999999886
81,16.18,male,exp_first,physical,support,unexpected,1,0.406666666666667
81,16.18,male,exp_first,social,drink,expected,1,0.5660881174899882
81,16.18,male,exp_first,social,drink,unexpected,0.34773662551440493,0.8150134048257373
81,16.18,male,exp_first,social,fairness,expected,1,0.8495575221238931
81,16.18,male,exp_first,social,fairness,unexpected,1,0.7758112094395284
81,16.18,male,exp_first,social,reach,expected,0.8635743519781713,0.45989304812834364
81,16.18,male,exp_first,social,reach,unexpected,1,0.5368139223560924
81,16.18,male,exp_first,social,snack,expected,0.5095948827292114,0.5920000000000009
81,16.18,male,exp_first,social,snack,unexpected,0.8843813387423936,0.7289719626168206
82,16.9,male,exp_first,physical,containment,expected,1,0.7226666666666653
82,16.9,male,exp_first,physical,containment,unexpected,1,0.7799999999999992
82,16.9,male,exp_first,physical,continuity,expected,1,0.6096256684491981
82,16.9,male,exp_first,physical,continuity,unexpected,0.9799999999999998,0.6573333333333347
82,16.9,male,exp_first,physical,solidity,expected,1,0.6675567423230967
82,16.9,male,exp_first,physical,solidity,unexpected,1,0.8066666666666679
82,16.9,male,exp_first,physical,support,expected,1,0.5999999999999991
82,16.9,male,exp_first,physical,support,unexpected,1,0.8173333333333335
82,16.9,male,exp_first,social,drink,expected,1,0.8731642189586111
82,16.9,male,exp_first,social,drink,unexpected,0.9547325102880659,0.9142091152815014
82,16.9,male,exp_first,social,fairness,expected,1,0.7595870206489674
82,16.9,male,exp_first,social,fairness,unexpected,1,0.640117994100296
82,16.9,male,exp_first,social,reach,expected,1,0.6898395721925149
82,16.9,male,exp_first,social,reach,unexpected,0.9493333333333339,0.834002677376171
82,16.9,male,exp_first,social,snack,expected,0.8635394456289993,0.8866666666666656
82,16.9,male,exp_first,social,snack,unexpected,1,0.9732977303070762
83,17,female,unexp_first,physical,containment,expected,1,0.7159999999999995
83,17,female,unexp_first,physical,containment,unexpected,1,0.7520000000000003
83,17,female,unexp_first,physical,continuity,expected,1,0.7740641711229951
83,17,female,unexp_first,physical,continuity,unexpected,0.9106666666666664,0.6399999999999996
83,17,female,unexp_first,physical,solidity,expected,0.9856887298747765,0.6662216288384507
83,17,female,unexp_first,physical,solidity,unexpected,1,0.8600000000000005
83,17,female,unexp_first,physical,support,expected,1,0.653333333333333
83,17,female,unexp_first,physical,support,unexpected,1,0.6666666666666661
83,17,female,unexp_first,social,drink,expected,1,0.6662216288384518
83,17,female,unexp_first,social,drink,unexpected,1,0.8525469168900807
83,17,female,unexp_first,social,fairness,expected,1,0.8348082595870203
83,17,female,unexp_first,social,fairness,unexpected,1,0.7743362831858411
83,17,female,unexp_first,social,reach,expected,0.9658935879945427,0.5895721925133683
83,17,female,unexp_first,social,reach,unexpected,1,0.6894243641231602
83,17,female,unexp_first,social,snack,expected,0.9530916844349682,0.6240000000000016
83,17,female,unexp_first,social,snack,unexpected,1,0.9639519359145527
84,23.8,male,exp_first,physical,containment,expected,1,0.8106666666666655
84,23.8,male,exp_first,physical,containment,unexpected,1,0.6213333333333318
84,23.8,male,exp_first,physical,continuity,expected,1,0.9318181818181817
84,23.8,male,exp_first,physical,continuity,unexpected,1,0.7639999999999986
84,23.8,male,exp_first,physical,solidity,expected,1,0.9732977303070762
84,23.8,male,exp_first,physical,solidity,unexpected,1,0.8919999999999992
84,23.8,male,exp_first,physical,support,expected,1,0.8066666666666676
84,23.8,male,exp_first,physical,support,unexpected,1,0.957333333333333
84,23.8,male,exp_first,social,drink,expected,1,1
84,23.8,male,exp_first,social,drink,unexpected,0.9897119341563785,1
84,23.8,male,exp_first,social,fairness,expected,1,1
84,23.8,male,exp_first,social,fairness,unexpected,1,0.6651917404129796
84,23.8,male,exp_first,social,reach,expected,1,0.9839572192513368
84,23.8,male,exp_first,social,reach,unexpected,1,0.8192771084337339
84,23.8,male,exp_first,social,snack,expected,1,0.9760000000000003
84,23.8,male,exp_first,social,snack,unexpected,1,0.9626168224299065
85,20.21,female,unexp_first,physical,containment,expected,0,0
85,20.21,female,unexp_first,physical,containment,unexpected,0,0
85,20.21,female,unexp_first,physical,continuity,expected,0,0
85,20.21,female,unexp_first,physical,continuity,unexpected,0,0
85,20.21,female,unexp_first,physical,solidity,expected,0,0
85,20.21,female,unexp_first,physical,solidity,unexpected,0,0
85,20.21,female,unexp_first,physical,support,unexpected,0,0
85,20.21,female,unexp_first,social,drink,expected,0,0
85,20.21,female,unexp_first,social,drink,unexpected,0,0
85,20.21,female,unexp_first,social,fairness,expected,0,0
85,20.21,female,unexp_first,social,fairness,unexpected,0,0
85,20.21,female,unexp_first,social,reach,expected,0,0
85,20.21,female,unexp_first,social,reach,unexpected,0,0
85,20.21,female,unexp_first,social,snack,expected,0,0
85,20.21,female,unexp_first,social,snack,unexpected,0,0
86,18.8,male,unexp_first,physical,containment,expected,0.8323232323232318,0.3693333333333352
86,18.8,male,unexp_first,physical,containment,unexpected,1,0.8893333333333332
86,18.8,male,unexp_first,physical,continuity,expected,0,0
86,18.8,male,unexp_first,physical,continuity,unexpected,0.6360000000000008,0
86,18.8,male,unexp_first,physical,solidity,expected,0.9373881932021471,0.43391188251001317
86,18.8,male,unexp_first,physical,solidity,unexpected,0.20472440944881878,0.8600000000000004
86,18.8,male,unexp_first,physical,support,expected,0.9916317991631798,0.5199999999999991
86,18.8,male,unexp_first,physical,support,unexpected,1,0.7493333333333325
86,18.8,male,unexp_first,social,drink,expected,0.7973856209150335,0.5246995994659526
86,18.8,male,unexp_first,social,drink,unexpected,0.738683127572016,0.663538873994637
86,18.8,male,unexp_first,social,fairness,expected,0.8301369863013706,0.7404129793510311
86,18.8,male,unexp_first,social,fairness,unexpected,0.8403990024937653,0.5634218289085526
86,18.8,male,unexp_first,social,reach,expected,0.23192360163710868,0.3569518716577527
86,18.8,male,unexp_first,social,reach,unexpected,1,0.7804551539491302
86,18.8,male,unexp_first,social,snack,expected,0.8592750533049032,0.600000000000001
86,18.8,male,unexp_first,social,snack,unexpected,1,0.8411214953271039
87,17.3,male,exp_first,physical,containment,expected,1,0.9400000000000002
87,17.3,male,exp_first,physical,containment,unexpected,0.9680851063829785,0.7679999999999993
87,17.3,male,exp_first,physical,continuity,expected,1,0.9197860962566846
87,17.3,male,exp_first,physical,continuity,unexpected,1,0.6946666666666668
87,17.3,male,exp_first,physical,solidity,expected,1,0.891855807743657
87,17.3,male,exp_first,physical,solidity,unexpected,1,0.8600000000000004
87,17.3,male,exp_first,physical,support,expected,1,0.624000000000001
87,17.3,male,exp_first,physical,support,unexpected,1,0.5640000000000035
87,17.3,male,exp_first,social,drink,expected,1,1
87,17.3,male,exp_first,social,drink,unexpected,1,0.8605898123324391
87,17.3,male,exp_first,social,fairness,expected,1,0.9513274336283188
87,17.3,male,exp_first,social,fairness,unexpected,1,0.9631268436578169
87,17.3,male,exp_first,social,reach,expected,1,0.9532085561497328
87,17.3,male,exp_first,social,reach,unexpected,1,0.9692101740294512
87,17.3,male,exp_first,social,snack,expected,1,0.94
87,17.3,male,exp_first,social,snack,unexpected,1,0.9719626168224301
91,22.5,male,exp_first,physical,containment,expected,0,0
91,22.5,male,exp_first,physical,containment,unexpected,0,0
91,22.5,male,exp_first,physical,solidity,expected,0,0
91,22.5,male,exp_first,physical,solidity,unexpected,0,0
91,22.5,male,exp_first,physical,support,expected,0,0
91,22.5,male,exp_first,physical,support,unexpected,0,0
91,22.5,male,exp_first,social,drink,expected,0,0
91,22.5,male,exp_first,social,drink,unexpected,0,0
91,22.5,male,exp_first,social,fairness,expected,0,0
91,22.5,male,exp_first,social,reach,expected,0,0
91,22.5,male,exp_first,social,reach,unexpected,0,0
91,22.5,male,exp_first,social,snack,expected,0,0
91,22.5,male,exp_first,social,snack,unexpected,0,0
92,23.19,female,exp_first,physical,containment,expected,1,0.8159999999999998
92,23.19,female,exp_first,physical,containment,unexpected,1,0.5599999999999994
92,23.19,female,exp_first,physical,continuity,expected,0.8600000000000003,0.44117647058823595
92,23.19,female,exp_first,physical,continuity,unexpected,0.9599999999999996,0.6626666666666667
92,23.19,female,exp_first,physical,solidity,expected,1,0.8157543391188247
92,23.19,female,exp_first,physical,solidity,unexpected,1,0.6759999999999994
92,23.19,female,exp_first,physical,support,expected,1,0.42666666666666675
92,23.19,female,exp_first,physical,support,unexpected,1,0.7893333333333344
92,23.19,female,exp_first,social,drink,expected,1,0.973297730307076
92,23.19,female,exp_first,social,drink,unexpected,1,1
92,23.19,female,exp_first,social,fairness,expected,1,1
92,23.19,female,exp_first,social,fairness,unexpected,1,1
92,23.19,female,exp_first,social,reach,expected,1,0.9050802139037426
92,23.19,female,exp_first,social,reach,unexpected,1,0.3400267737617147
92,23.19,female,exp_first,social,snack,expected,1,0.9400000000000002
92,23.19,female,exp_first,social,snack,unexpected,1,0.8651535380507346
93,19.26,female,exp_first,physical,containment,expected,1,0.9093333333333338
93,19.26,female,exp_first,physical,containment,unexpected,1,0.42266666666666575
93,19.26,female,exp_first,physical,continuity,expected,1,0.6524064171122976
93,19.26,female,exp_first,physical,continuity,unexpected,1,0.9173333333333344
93,19.26,female,exp_first,physical,solidity,expected,1,0.9906542056074765
93,19.26,female,exp_first,physical,solidity,unexpected,1,0.42933333333333396
93,19.26,female,exp_first,social,drink,expected,1,0.8731642189586111
93,19.26,female,exp_first,social,drink,unexpected,1,0.7386058981233241
93,19.26,female,exp_first,social,fairness,expected,0.879452054794521,0.958702064896755
93,19.26,female,exp_first,social,fairness,unexpected,1,0.9203539823008847
93,19.26,female,exp_first,social,reach,expected,1,0.7941176470588218
93,19.26,female,exp_first,social,reach,unexpected,1,0.8714859437751011
94,23.9,female,exp_first,physical,containment,expected,1,0.5479999999999985
94,23.9,female,exp_first,physical,containment,unexpected,0.948936170212766,0.45200000000000057
94,23.9,female,exp_first,physical,continuity,expected,1,0.5133689839572178
94,23.9,female,exp_first,physical,continuity,unexpected,0.9746666666666667,0.7213333333333329
94,23.9,female,exp_first,physical,solidity,expected,0.5241502683363154,0.5767690253671564
94,23.9,female,exp_first,physical,solidity,unexpected,0.6830708661417317,0.4266666666666662
94,23.9,female,exp_first,physical,support,expected,1,0.34800000000000086
94,23.9,female,exp_first,physical,support,unexpected,0.9478079331941548,0.4573333333333328
94,23.9,female,exp_first,social,drink,expected,1,0.9065420560747666
94,23.9,female,exp_first,social,drink,unexpected,0.9855967078189302,0.5991957104557621
94,23.9,female,exp_first,social,fairness,expected,1,0.8672566371681424
94,23.9,female,exp_first,social,fairness,unexpected,1,0.9557522123893804
94,23.9,female,exp_first,social,reach,expected,0.95225102319236,0.7219251336898415
94,23.9,female,exp_first,social,reach,unexpected,1,0.5475234270415007
97,20.2,female,exp_first,physical,containment,expected,0.6626262626262635,0.17866666666666706
97,20.2,female,exp_first,physical,containment,unexpected,0.7659574468085103,0.22133333333333288
97,20.2,female,exp_first,physical,continuity,expected,0.9385964912280707,0.6443850267379688
97,20.2,female,exp_first,physical,continuity,unexpected,0.9266666666666671,0.6253333333333336
97,20.2,female,exp_first,physical,solidity,expected,0.7441860465116279,0.4953271028037386
97,20.2,female,exp_first,physical,solidity,unexpected,0.6043307086614175,0.423999999999999
97,20.2,female,exp_first,physical,support,expected,0.9895397489539748,0.23466666666666527
97,20.2,female,exp_first,physical,support,unexpected,0.9457202505219208,0.1519999999999992
97,20.2,female,exp_first,social,drink,expected,0.9564270152505446,0.2456608811749004
97,20.2,female,exp_first,social,drink,unexpected,0.8662551440329217,0.6206434316353899
97,20.2,female,exp_first,social,fairness,expected,1,0.70353982300885
97,20.2,female,exp_first,social,fairness,unexpected,0.9625935162094764,0.4026548672566354
97,20.2,female,exp_first,social,reach,expected,0.7339699863574338,0.43048128342245867
97,20.2,female,exp_first,social,reach,unexpected,0.9893333333333334,0.6171352074966502
97,20.2,female,exp_first,social,snack,expected,0.360341151385929,0.2546666666666673
97,20.2,female,exp_first,social,snack,unexpected,0.6693711967545637,0.4125500667556754
98,20.9,male,exp_first,physical,containment,expected,0.824242424242423,0.8933333333333335
98,20.9,male,exp_first,physical,containment,unexpected,0.8893617021276602,0.39066666666666716
98,20.9,male,exp_first,physical,continuity,expected,0.7773333333333344,0.24197860962566964
98,20.9,male,exp_first,physical,continuity,unexpected,0.8600000000000004,0.6346666666666686
98,20.9,male,exp_first,physical,solidity,expected,0.9194991055456169,0.979973297730307
98,20.9,male,exp_first,physical,solidity,unexpected,1,0.7866666666666674
98,20.9,male,exp_first,physical,support,expected,1,0.8826666666666676
98,20.9,male,exp_first,physical,support,unexpected,0.6951983298538629,0.5719999999999983
98,20.9,male,exp_first,social,drink,expected,0.9891067538126362,0.3431241655540712
98,20.9,male,exp_first,social,drink,unexpected,0.905349794238683,0.3512064343163545
98,20.9,male,exp_first,social,fairness,expected,0.9150684931506853,0.963126843657817
98,20.9,male,exp_first,social,fairness,unexpected,0.920199501246883,0.9660766961651915
98,20.9,male,exp_first,social,reach,expected,1,0.7981283422459903
98,20.9,male,exp_first,social,reach,unexpected,0.8373333333333333,0.6880856760374827
98,20.9,male,exp_first,social,snack,expected,0.7441364605543698,0.8533333333333339
98,20.9,male,exp_first,social,snack,unexpected,0.8782961460446242,0.9332443257676911
99,16.3,male,unexp_first,physical,containment,expected,0.8141414141414137,0.2426666666666667
99,16.3,male,unexp_first,physical,containment,unexpected,0.7702127659574461,0.18533333333333404
99,16.3,male,unexp_first,physical,continuity,expected,0.2893333333333347,0.3756684491978615
99,16.3,male,unexp_first,physical,continuity,unexpected,0.8626666666666668,0.44000000000000167
99,16.3,male,unexp_first,physical,solidity,expected,0.7656529516994633,0.7036048064085454
99,16.3,male,unexp_first,physical,solidity,unexpected,0.6003937007874022,0.4773333333333327
99,16.3,male,unexp_first,physical,support,expected,0.9853556485355648,0.406666666666667
99,16.3,male,unexp_first,physical,support,unexpected,0.9832985386221293,0.5813333333333335
99,16.3,male,unexp_first,social,drink,expected,1,0.4539385847797062
99,16.3,male,unexp_first,social,drink,unexpected,0.9711934156378604,0.6273458445040221
99,16.3,male,unexp_first,social,fairness,expected,1,0.24041297935103179
99,16.3,male,unexp_first,social,fairness,unexpected,1,0.3598820058997039
99,16.3,male,unexp_first,social,reach,expected,0.9863574351978172,0.3903743315508019
99,16.3,male,unexp_first,social,reach,unexpected,1,0.7523427041499338
99,16.3,male,unexp_first,social,snack,expected,0.9061833688699361,0.5
99,16.3,male,unexp_first,social,snack,unexpected,0.9898580121703853,0.6261682242990662
100,19.7,male,unexp_first,physical,containment,expected,0.9555555555555555,0.464000000000001
100,19.7,male,unexp_first,physical,containment,unexpected,0.8829787234042547,0.6466666666666677
100,19.7,male,unexp_first,physical,solidity,expected,1,1
100,19.7,male,unexp_first,physical,solidity,unexpected,1,0.6186666666666646
100,19.7,male,unexp_first,physical,support,expected,1,0.7786666666666671
100,19.7,male,unexp_first,physical,support,unexpected,1,0.9266666666666671
100,19.7,male,unexp_first,social,drink,expected,1,0.20827770360480574
100,19.7,male,unexp_first,social,drink,unexpected,1,0.6139410187667567
100,19.7,male,unexp_first,social,fairness,expected,1,0.5825958702064898
100,19.7,male,unexp_first,social,fairness,unexpected,0.5935162094763115,0.05752212389380582
100,19.7,male,unexp_first,social,reach,expected,1,0.5882352941176455
100,19.7,male,unexp_first,social,reach,unexpected,1,0.7737617135207498
100,19.7,male,unexp_first,social,snack,expected,0.9040511727078894,0.9293333333333337
100,19.7,male,unexp_first,social,snack,unexpected,1,0.8891855807743655
101,22.5,female,unexp_first,physical,containment,expected,0.9292929292929291,0.14799999999999983
101,22.5,female,unexp_first,physical,containment,unexpected,0.9936170212765957,0.22133333333333308
101,22.5,female,unexp_first,physical,continuity,expected,0.7760000000000008,0.45855614973262215
101,22.5,female,unexp_first,physical,continuity,unexpected,0.9786666666666666,0.530666666666668
101,22.5,female,unexp_first,physical,solidity,expected,0.9552772808586764,0.5033377837116161
101,22.5,female,unexp_first,physical,solidity,unexpected,0.9153543307086607,0.8706666666666671
101,22.5,female,unexp_first,physical,support,unexpected,1,0.7506666666666681
101,22.5,female,unexp_first,social,drink,expected,1,0.4913217623498007
101,22.5,female,unexp_first,social,drink,unexpected,1,0.7533512064343157
101,22.5,female,unexp_first,social,fairness,expected,1,0.7315634218289082
101,22.5,female,unexp_first,social,fairness,unexpected,1,0.9513274336283188
101,22.5,female,unexp_first,social,snack,expected,0.9765458422174842,0.6746666666666663
101,22.5,female,unexp_first,social,snack,unexpected,1,0.730307076101469
103,16.5,female,exp_first,physical,containment,expected,1,0.4479999999999999
103,16.5,female,exp_first,physical,containment,unexpected,0.2914893617021283,0.04266666666666656
103,16.5,female,exp_first,physical,continuity,expected,1,1
103,16.5,female,exp_first,physical,continuity,unexpected,1,1
103,16.5,female,exp_first,physical,solidity,expected,0.37209302325581334,0
103,16.5,female,exp_first,physical,solidity,unexpected,0.05905511811023577,0
103,16.5,female,exp_first,physical,support,expected,0.31799163179916545,0
103,16.5,female,exp_first,physical,support,unexpected,0.35490605427974825,0
103,16.5,female,exp_first,social,drink,expected,1,0.599465954606141
103,16.5,female,exp_first,social,drink,unexpected,1,0.49865951742627584
103,16.5,female,exp_first,social,fairness,expected,1,1
103,16.5,female,exp_first,social,fairness,unexpected,1,1
103,16.5,female,exp_first,social,reach,expected,0.27557980900409074,0
103,16.5,female,exp_first,social,reach,unexpected,0.09999999999999921,0.080321285140562
103,16.5,female,exp_first,social,snack,expected,0.8187633262260132,0.11733333333333236
103,16.5,female,exp_first,social,snack,unexpected,0.584178498985799,0.3070761014686255
104,17.8,male,exp_first,physical,containment,expected,1,0.8799999999999994
104,17.8,male,exp_first,physical,containment,unexpected,0.8404255319148932,0.7840000000000005
104,17.8,male,exp_first,physical,continuity,expected,0.685333333333334,0.6791443850267392
104,17.8,male,exp_first,physical,continuity,unexpected,0.9266666666666672,0.6399999999999996
104,17.8,male,exp_first,physical,solidity,expected,0.937388193202147,0.8518024032042724
104,17.8,male,exp_first,physical,solidity,unexpected,1,0.8066666666666656
104,17.8,male,exp_first,physical,support,expected,1,0.23866666666667008
104,17.8,male,exp_first,physical,support,unexpected,0.987473903966597,0.6466666666666678
104,17.8,male,exp_first,social,drink,expected,1,0.9599465954606138
104,17.8,male,exp_first,social,drink,unexpected,1,0.7680965147453074
104,17.8,male,exp_first,social,fairness,expected,1,0.9336283185840714
104,17.8,male,exp_first,social,fairness,unexpected,1,0.8451327433628316
104,17.8,male,exp_first,social,reach,expected,1,0.6310160427807512
104,17.8,male,exp_first,social,reach,unexpected,1,0.5850066934404282
105,15.9,female,unexp_first,physical,containment,expected,0.9292929292929291,0.48666666666666786
105,15.9,female,unexp_first,physical,containment,unexpected,1,0.5493333333333322
105,15.9,female,unexp_first,physical,continuity,expected,0.8799999999999991,0.9131016042780744
105,15.9,female,unexp_first,physical,continuity,unexpected,1,0.8866666666666646
105,15.9,female,unexp_first,physical,solidity,expected,1,0.5594125500667573
105,15.9,female,unexp_first,physical,solidity,unexpected,1,0.8200000000000003
105,15.9,female,unexp_first,physical,support,expected,1,0.4666666666666662
105,15.9,female,unexp_first,physical,support,unexpected,1,0.7119999999999994
105,15.9,female,unexp_first,social,drink,expected,1,0.8251001335113484
105,15.9,female,unexp_first,social,drink,unexpected,1,0.9142091152815014
105,15.9,female,unexp_first,social,fairness,expected,1,0.5398230088495587
105,15.9,female,unexp_first,social,fairness,unexpected,1,0.8156342182890862
105,15.9,female,unexp_first,social,reach,expected,0.946793997271487,0.7540106951871646
105,15.9,female,unexp_first,social,reach,unexpected,1,0.5983935742971874
105,15.9,female,unexp_first,social,snack,expected,1,0.9013333333333331
105,15.9,female,unexp_first,social,snack,unexpected,0.8336713995943205,0.9719626168224299
106,21.4,female,exp_first,physical,containment,expected,1,0.9133333333333331
106,21.4,female,exp_first,physical,containment,unexpected,1,0.8426666666666671
106,21.4,female,exp_first,physical,continuity,expected,0.9693333333333335,0.8462566844919788
106,21.4,female,exp_first,physical,continuity,unexpected,1,1
106,21.4,female,exp_first,physical,solidity,expected,1,0.9465954606141526
106,21.4,female,exp_first,physical,solidity,unexpected,1,0.23333333333333317
106,21.4,female,exp_first,physical,support,expected,1,1
106,21.4,female,exp_first,physical,support,unexpected,1,0.6613333333333349
106,21.4,female,exp_first,social,drink,expected,1,0.9465954606141526
106,21.4,female,exp_first,social,drink,unexpected,1,0.9329758713136731
106,21.4,female,exp_first,social,fairness,expected,1,0.9070796460176989
106,21.4,female,exp_first,social,fairness,unexpected,1,0.9026548672566375
106,21.4,female,exp_first,social,reach,expected,1,0.9465240641711233
106,21.4,female,exp_first,social,reach,unexpected,1,0.9062918340026778
106,21.4,female,exp_first,social,snack,expected,1,0.8266666666666663
106,21.4,female,exp_first,social,snack,unexpected,1,0.9465954606141526
107,24.3,male,exp_first,physical,containment,expected,0.6969696969696975,0.8399999999999987
107,24.3,male,exp_first,physical,containment,unexpected,1,0.7933333333333319
107,24.3,male,exp_first,physical,continuity,expected,0.9626666666666663,0.9264705882352945
107,24.3,male,exp_first,physical,continuity,unexpected,0.9466666666666671,0.8253333333333337
107,24.3,male,exp_first,physical,solidity,expected,1,0.399198931909213
107,24.3,male,exp_first,physical,solidity,unexpected,1,1
107,24.3,male,exp_first,physical,support,expected,1,0.5893333333333345
107,24.3,male,exp_first,physical,support,unexpected,1,0.7119999999999997
107,24.3,male,exp_first,social,drink,expected,1,0.8531375166889192
107,24.3,male,exp_first,social,drink,unexpected,1,1
107,24.3,male,exp_first,social,fairness,expected,1,0.8672566371681427
107,24.3,male,exp_first,social,fairness,unexpected,0.942643391521197,0.6283185840707958
107,24.3,male,exp_first,social,reach,expected,1,0.8114973262032079
107,24.3,male,exp_first,social,reach,unexpected,0.9733333333333335,0.49799196787148675
107,24.3,male,exp_first,social,snack,expected,1,0.6933333333333327
107,24.3,male,exp_first,social,snack,unexpected,1,0.9198931909212277
108,24.3,female,unexp_first,physical,containment,expected,0.9393939393939394,0.4533333333333335
108,24.3,female,unexp_first,physical,containment,unexpected,1,0.3960000000000001
108,24.3,female,unexp_first,physical,continuity,expected,0.9733333333333336,0.7058823529411783
108,24.3,female,unexp_first,physical,continuity,unexpected,0.3239999999999983,0.303999999999999
108,24.3,female,unexp_first,physical,solidity,expected,0.7906976744186047,0.4365821094793076
108,24.3,female,unexp_first,physical,solidity,unexpected,1,0.6666666666666665
108,24.3,female,unexp_first,physical,support,expected,1,1
108,24.3,female,unexp_first,physical,support,unexpected,1,0.5293333333333332
108,24.3,female,unexp_first,social,drink,expected,1,0.9198931909212279
108,24.3,female,unexp_first,social,drink,unexpected,1,0.789544235924931
108,24.3,female,unexp_first,social,fairness,expected,1,0.9631268436578172
108,24.3,female,unexp_first,social,fairness,unexpected,0.9077306733167075,1
108,24.3,female,unexp_first,social,reach,expected,1,0.6323529411764731
108,24.3,female,unexp_first,social,reach,unexpected,0.929333333333334,0.665327978580991
108,24.3,female,unexp_first,social,snack,expected,0.840085287846482,0.8453333333333332
108,24.3,female,unexp_first,social,snack,unexpected,0.9188640973630827,0.9399198931909208
109,21.5,female,exp_first,physical,containment,expected,1,0.8666666666666676
109,21.5,female,exp_first,physical,containment,unexpected,1,0.7466666666666657
109,21.5,female,exp_first,physical,continuity,expected,1,0.8114973262032077
109,21.5,female,exp_first,physical,continuity,unexpected,1,0.3666666666666669
109,21.5,female,exp_first,physical,solidity,expected,1,1
109,21.5,female,exp_first,physical,solidity,unexpected,1,1
109,21.5,female,exp_first,physical,support,expected,1,1
109,21.5,female,exp_first,physical,support,unexpected,1,1
109,21.5,female,exp_first,social,drink,expected,1,1
109,21.5,female,exp_first,social,drink,unexpected,1,0.8873994638069698
109,21.5,female,exp_first,social,fairness,expected,1,0.7817109144542759
109,21.5,female,exp_first,social,fairness,unexpected,1,0.535398230088496
109,21.5,female,exp_first,social,reach,expected,1,1
109,21.5,female,exp_first,social,reach,unexpected,1,0.8514056224899583
109,21.5,female,exp_first,social,snack,expected,0.9594882729211088,1
109,21.5,female,exp_first,social,snack,unexpected,1,1
110,16.6,male,unexp_first,physical,containment,expected,0.8888888888888885,0.8213333333333352
110,16.6,male,unexp_first,physical,containment,unexpected,1,0.4480000000000023
110,16.6,male,unexp_first,physical,continuity,expected,0.9226666666666669,0.44919786096256625
110,16.6,male,unexp_first,physical,continuity,unexpected,1,0.34266666666666407
110,16.6,male,unexp_first,physical,solidity,expected,1,0.8397863818424552
110,16.6,male,unexp_first,physical,solidity,unexpected,0.7322834645669286,0.3266666666666661
110,16.6,male,unexp_first,physical,support,expected,0.9916317991631798,0.39999999999999675
110,16.6,male,unexp_first,physical,support,unexpected,1,0.9599999999999994
110,16.6,male,unexp_first,social,drink,expected,1,0.6328437917222968
110,16.6,male,unexp_first,social,drink,unexpected,1,1
110,16.6,male,unexp_first,social,fairness,expected,1,0.5353982300884962
110,16.6,male,unexp_first,social,fairness,unexpected,1,0.3952802359882021
110,16.6,male,unexp_first,social,reach,expected,1,0.6256684491978615
110,16.6,male,unexp_first,social,reach,unexpected,0.9666666666666671,0.8326639892904956
110,16.6,male,unexp_first,social,snack,expected,0.9339019189765463,0.721333333333335
110,16.6,male,unexp_first,social,snack,unexpected,1,1
